REGION,TECHNOLOGY,FUEL,YEAR,VALUE
"Region1","BIO_RESPRD","BIO_OIL",2018,199.169669183702
"Region1","BIO_RESPRD","BIO_OIL",2019,270.341869037367
"Region1","BIO_RESPRD","BIO_OIL",2020,522.085686052572
"Region1","BIO_RESPRD","BIO_OIL",2021,551.851436209093
"Region1","BIO_RESPRD","BIO_OIL",2022,583.145113012256
"Region1","BIO_RESPRD","BIO_OIL",2023,617.665958795728
"Region1","BIO_RESPRD","BIO_OIL",2024,655.824823547581
"Region1","BIO_RESPRD","BIO_OIL",2025,688.838158480091
"Region1","BIO_RESPRD","BIO_OIL",2026,688.838158480091
"Region1","BIO_RESPRD","BIO_OIL",2027,688.838158480091
"Region1","BIO_RESPRD","BIO_OIL",2028,688.838158480092
"Region1","BIO_RESPRD","BIO_OIL",2029,688.838158480091
"Region1","BIO_RESPRD","BIO_OIL",2030,688.838158480091
"Region1","BIO_RESPRD","BIO_OIL",2031,688.838158480091
"Region1","BIO_RESPRD","BIO_OIL",2032,688.838158480091
"Region1","BIO_RESPRD","BIO_OIL",2033,688.838158480092
"Region1","BIO_RESPRD","BIO_OIL",2034,688.838158480091
"Region1","BIO_RESPRD","BIO_OIL",2035,688.838158480091
"Region1","BIO_RESPRD2","BIO_MOLASSE",2018,0.0355297430101791
"Region1","BIO_RESPRD2","BIO_MOLASSE",2019,53.9797518599192
"Region1","BIO_RESPRD2","BIO_MOLASSE",2020,132.75774309234
"Region1","BIO_RESPRD2","BIO_MOLASSE",2021,132.671881908318
"Region1","BIO_RESPRD2","BIO_MOLASSE",2022,133.462982306238
"Region1","BIO_RESPRD2","BIO_MOLASSE",2023,132.193014407052
"Region1","BIO_RESPRD2","BIO_MOLASSE",2024,129.277979754308
"Region1","BIO_RESPRD2","BIO_MOLASSE",2025,241.458153349856
"Region1","BIO_RESPRD2","BIO_MOLASSE",2026,241.458153349856
"Region1","BIO_RESPRD2","BIO_MOLASSE",2027,239.310538217193
"Region1","BIO_RESPRD2","BIO_MOLASSE",2028,235.828005151206
"Region1","BIO_RESPRD2","BIO_MOLASSE",2029,220.591865694394
"Region1","BIO_RESPRD2","BIO_MOLASSE",2030,203.1652163694
"Region1","BIO_RESPRD2","BIO_MOLASSE",2031,190.908818465877
"Region1","BIO_RESPRD2","BIO_MOLASSE",2032,169.027790086488
"Region1","BIO_RESPRD2","BIO_MOLASSE",2033,68.4419192610846
"Region1","BIO_RESPRD2","BIO_MOLASSE",2034,44.4662971634982
"Region1","BIO_RESPRD2","BIO_MOLASSE",2035,20.1436240962111
"Region1","BIODSL_PROD_001","BIODSL",2018,103.57237087036
"Region1","BIODSL_PROD_001","BIODSL",2019,140.58339523524
"Region1","BIODSL_PROD_001","BIODSL",2020,271.495416564
"Region1","BIODSL_PROD_001","BIODSL",2021,286.97422579776
"Region1","BIODSL_PROD_001","BIODSL",2022,303.24758866992
"Region1","BIODSL_PROD_001","BIODSL",2023,321.19914653964
"Region1","BIODSL_PROD_001","BIODSL",2024,341.04254994674
"Region1","BIODSL_PROD_001","BIODSL",2025,358.21017081648
"Region1","BIODSL_PROD_001","BIODSL",2026,358.21017081648
"Region1","BIODSL_PROD_001","BIODSL",2027,358.21017081648
"Region1","BIODSL_PROD_001","BIODSL",2028,358.21017081648
"Region1","BIODSL_PROD_001","BIODSL",2029,358.21017081648
"Region1","BIODSL_PROD_001","BIODSL",2030,358.21017081648
"Region1","BIODSL_PROD_001","BIODSL",2031,358.21017081648
"Region1","BIODSL_PROD_001","BIODSL",2032,358.21017081648
"Region1","BIODSL_PROD_001","BIODSL",2033,358.210170816481
"Region1","BIODSL_PROD_001","BIODSL",2034,358.21017081648
"Region1","BIODSL_PROD_001","BIODSL",2035,358.21017081648
"Region1","BIOETH_PROD_001","BIOGSL",2018,0.0198934731299995
"Region1","BIOETH_PROD_001","BIOGSL",2019,30.223825229518
"Region1","BIOETH_PROD_001","BIOGSL",2020,74.33244294084
"Region1","BIOETH_PROD_001","BIOGSL",2021,74.284368369719
"Region1","BIOETH_PROD_001","BIOGSL",2022,74.7273137212979
"Region1","BIOETH_PROD_001","BIOGSL",2023,74.016245468674
"Region1","BIOETH_PROD_001","BIOGSL",2024,72.384087208459
"Region1","BIOETH_PROD_001","BIOGSL",2025,135.19493468637
"Region1","BIOETH_PROD_001","BIOGSL",2026,135.19493468637
"Region1","BIOETH_PROD_001","BIOGSL",2027,133.992462607611
"Region1","BIOETH_PROD_001","BIOGSL",2028,132.042556075703
"Region1","BIOETH_PROD_001","BIOGSL",2029,123.511682919593
"Region1","BIOETH_PROD_001","BIOGSL",2030,113.754320475588
"Region1","BIOETH_PROD_001","BIOGSL",2031,106.891835647188
"Region1","BIOETH_PROD_001","BIOGSL",2032,94.6404199812364
"Region1","BIOETH_PROD_001","BIOGSL",2033,38.321343371268
"Region1","BIOETH_PROD_001","BIOGSL",2034,24.8971428687
"Region1","BIOETH_PROD_001","BIOGSL",2035,11.278624913892
"Region1","COM_CWH_BIO_001","COM_OTH",2018,25.3527746489999
"Region1","COM_CWH_BIO_001","COM_OTH",2019,38.673736793
"Region1","COM_CWH_BIO_001","COM_OTH",2020,52.624731597
"Region1","COM_CWH_BIO_001","COM_OTH",2021,67.257550286
"Region1","COM_CWH_BIO_001","COM_OTH",2022,82.6282419680001
"Region1","COM_CWH_BIO_001","COM_OTH",2023,98.797463061
"Region1","COM_CWH_BIO_001","COM_OTH",2024,115.830856054
"Region1","COM_CWH_BIO_001","COM_OTH",2025,133.799459746001
"Region1","COM_CWH_BIO_001","COM_OTH",2026,152.78015254
"Region1","COM_CWH_BIO_001","COM_OTH",2027,172.856132732
"Region1","COM_CWH_BIO_001","COM_OTH",2028,194.117437618
"Region1","COM_CWH_BIO_001","COM_OTH",2029,216.66150621
"Region1","COM_CWH_BIO_001","COM_OTH",2030,240.5937872
"Region1","COM_CWH_BIO_001","COM_OTH",2031,260.3716551
"Region1","COM_CWH_BIO_001","COM_OTH",2032,281.7753508
"Region1","COM_CWH_BIO_001","COM_OTH",2033,304.9385245
"Region1","COM_CWH_BIO_001","COM_OTH",2034,330.0058129
"Region1","COM_CWH_BIO_001","COM_OTH",2035,357.1337428
"Region1","COM_CWH_DSL_001","COM_OTH",2018,41.78543002
"Region1","COM_CWH_DSL_001","COM_OTH",2019,38.30331085
"Region1","COM_CWH_DSL_001","COM_OTH",2020,34.82119168
"Region1","COM_CWH_DSL_001","COM_OTH",2021,31.33907251
"Region1","COM_CWH_DSL_001","COM_OTH",2022,27.85695335
"Region1","COM_CWH_DSL_001","COM_OTH",2023,24.37483418
"Region1","COM_CWH_DSL_001","COM_OTH",2024,20.89271501
"Region1","COM_CWH_DSL_001","COM_OTH",2025,17.4105958399999
"Region1","COM_CWH_DSL_001","COM_OTH",2026,13.92847667
"Region1","COM_CWH_DSL_001","COM_OTH",2027,10.4463575
"Region1","COM_CWH_DSL_001","COM_OTH",2028,6.964238337
"Region1","COM_CWH_DSL_001","COM_OTH",2029,3.482119168
"Region1","COM_CWH_KER_001","COM_OTH",2018,2.968769451
"Region1","COM_CWH_KER_001","COM_OTH",2019,2.721371997
"Region1","COM_CWH_KER_001","COM_OTH",2020,2.473974542
"Region1","COM_CWH_KER_001","COM_OTH",2021,2.226577088
"Region1","COM_CWH_KER_001","COM_OTH",2022,1.979179634
"Region1","COM_CWH_KER_001","COM_OTH",2023,1.73178218
"Region1","COM_CWH_KER_001","COM_OTH",2024,1.484384725
"Region1","COM_CWH_KER_001","COM_OTH",2025,1.236987271
"Region1","COM_CWH_KER_001","COM_OTH",2026,0.989589817
"Region1","COM_CWH_KER_001","COM_OTH",2027,0.742192363
"Region1","COM_CWH_KER_001","COM_OTH",2028,0.494794908
"Region1","COM_CWH_KER_001","COM_OTH",2029,0.247397454
"Region1","COM_CWH_LPG_001","COM_OTH",2018,10.9547592700001
"Region1","COM_CWH_LPG_001","COM_OTH",2019,10.04186267
"Region1","COM_CWH_LPG_001","COM_OTH",2020,9.128966061
"Region1","COM_CWH_LPG_001","COM_OTH",2021,8.216069455
"Region1","COM_CWH_LPG_001","COM_OTH",2022,7.303172849
"Region1","COM_CWH_LPG_001","COM_OTH",2023,6.390276243
"Region1","COM_CWH_LPG_001","COM_OTH",2024,5.477379637
"Region1","COM_CWH_LPG_001","COM_OTH",2025,4.564483031
"Region1","COM_CWH_LPG_001","COM_OTH",2026,3.651586424
"Region1","COM_CWH_LPG_001","COM_OTH",2027,2.738689818
"Region1","COM_CWH_LPG_001","COM_OTH",2028,1.825793212
"Region1","COM_CWH_LPG_001","COM_OTH",2029,0.912896606
"Region1","COM_CWH_NGS_001","COM_OTH",2018,12.17195475
"Region1","COM_CWH_NGS_001","COM_OTH",2019,11.15762519
"Region1","COM_CWH_NGS_001","COM_OTH",2020,10.14329562
"Region1","COM_CWH_NGS_001","COM_OTH",2021,9.128966061
"Region1","COM_CWH_NGS_001","COM_OTH",2022,8.114636499
"Region1","COM_CWH_NGS_001","COM_OTH",2023,7.100306936
"Region1","COM_CWH_NGS_001","COM_OTH",2024,6.085977374
"Region1","COM_CWH_NGS_001","COM_OTH",2025,5.071647812
"Region1","COM_CWH_NGS_001","COM_OTH",2026,4.057318249
"Region1","COM_CWH_NGS_001","COM_OTH",2027,3.042988687
"Region1","COM_CWH_NGS_001","COM_OTH",2028,2.028659125
"Region1","COM_CWH_NGS_001","COM_OTH",2029,1.014329562
"Region1","COM_EL_APP_001","COM_ELC",2018,246.54
"Region1","COM_EL_APP_001","COM_ELC",2019,267.15
"Region1","COM_EL_APP_001","COM_ELC",2020,289.49
"Region1","COM_EL_APP_001","COM_ELC",2021,313.7
"Region1","COM_EL_APP_001","COM_ELC",2022,339.93
"Region1","COM_EL_APP_001","COM_ELC",2023,368.36
"Region1","COM_EL_APP_001","COM_ELC",2024,399.16
"Region1","COM_EL_APP_001","COM_ELC",2025,432.55
"Region1","COM_EL_APP_001","COM_ELC",2026,468.72
"Region1","COM_EL_APP_001","COM_ELC",2027,507.91
"Region1","COM_EL_APP_001","COM_ELC",2028,550.39
"Region1","COM_EL_APP_001","COM_ELC",2029,596.41
"Region1","COM_EL_APP_001","COM_ELC",2030,646.29
"Region1","COM_EL_APP_001","COM_ELC",2031,700.33
"Region1","COM_EL_APP_001","COM_ELC",2032,758.9
"Region1","COM_EL_APP_001","COM_ELC",2033,822.36
"Region1","COM_EL_APP_001","COM_ELC",2034,891.13
"Region1","COM_EL_APP_001","COM_ELC",2035,965.65
"Region1","IMP_DSL","DSL",2018,1559.93846766335
"Region1","IMP_DSL","DSL",2019,1521.26844522503
"Region1","IMP_DSL","DSL",2020,1385.47939036444
"Region1","IMP_DSL","DSL",2021,1374.13936670399
"Region1","IMP_DSL","DSL",2022,1357.59241961065
"Region1","IMP_DSL","DSL",2023,1345.96413935833
"Region1","IMP_DSL","DSL",2024,1357.8289158366
"Region1","IMP_DSL","DSL",2025,1365.22117232892
"Region1","IMP_DSL","DSL",2026,1342.92325269544
"Region1","IMP_DSL","DSL",2027,1306.40506832561
"Region1","IMP_DSL","DSL",2028,1285.30706089974
"Region1","IMP_DSL","DSL",2029,1235.76217676849
"Region1","IMP_DSL","DSL",2030,1176.87985874041
"Region1","IMP_DSL","DSL",2031,1137.65942627407
"Region1","IMP_DSL","DSL",2032,1102.28140238184
"Region1","IMP_DSL","DSL",2033,1065.19112965789
"Region1","IMP_DSL","DSL",2034,1014.95415960425
"Region1","IMP_DSL","DSL",2035,968.009694011857
"Region1","IMP_GSL","GSL",2018,721.33657598947
"Region1","IMP_GSL","GSL",2019,707.960206210948
"Region1","IMP_GSL","GSL",2020,678.93401966481
"Region1","IMP_GSL","GSL",2021,683.486407468971
"Region1","IMP_GSL","GSL",2022,687.472915633182
"Region1","IMP_GSL","GSL",2023,681.073301359566
"Region1","IMP_GSL","GSL",2024,666.383877017631
"Region1","IMP_GSL","GSL",2025,555.706830886979
"Region1","IMP_GSL","GSL",2026,555.706830886978
"Region1","IMP_GSL","GSL",2027,550.896942571943
"Region1","IMP_GSL","GSL",2028,543.097316444312
"Region1","IMP_GSL","GSL",2029,508.973823819874
"Region1","IMP_GSL","GSL",2030,469.944374043851
"Region1","IMP_GSL","GSL",2031,437.465280196001
"Region1","IMP_GSL","GSL",2032,383.546738869196
"Region1","IMP_GSL","GSL",2033,153.285373485072
"Region1","IMP_GSL","GSL",2034,99.5885714748
"Region1","IMP_GSL","GSL",2035,45.114499655568
"Region1","IMP_KER","KER",2018,157.035692911
"Region1","IMP_KER","KER",2019,160.3287836388
"Region1","IMP_KER","KER",2020,164.0889980244
"Region1","IMP_KER","KER",2021,168.3467278744
"Region1","IMP_KER","KER",2022,172.7895869666
"Region1","IMP_KER","KER",2023,178.045098653
"Region1","IMP_KER","KER",2024,182.363637319545
"Region1","IMP_KER","KER",2025,187.878226296825
"Region1","IMP_KER","KER",2026,198.30753169226
"Region1","IMP_KER","KER",2027,203.11522148841
"Region1","IMP_KER","KER",2028,215.08329128644
"Region1","IMP_KER","KER",2029,215.4379811576
"Region1","IMP_KER","KER",2030,218.4670548876
"Region1","IMP_KER","KER",2031,231.88167817854
"Region1","IMP_KER","KER",2032,246.19151373254
"Region1","IMP_KER","KER",2033,261.45479946098
"Region1","IMP_KER","KER",2034,278.764222473373
"Region1","IMP_KER","KER",2035,295.09387003546
"Region1","IMP_LPG","LPG",2018,327.699618348
"Region1","IMP_LPG","LPG",2019,300.391316734
"Region1","IMP_LPG","LPG",2020,273.083015293
"Region1","IMP_LPG","LPG",2021,245.774713673
"Region1","IMP_LPG","LPG",2022,218.466412235
"Region1","IMP_LPG","LPG",2023,191.158110614
"Region1","IMP_LPG","LPG",2024,163.849809176
"Region1","IMP_LPG","LPG",2025,136.541507647
"Region1","IMP_LPG","LPG",2026,109.233206117
"Region1","IMP_LPG","LPG",2027,81.924904588
"Region1","IMP_LPG","LPG",2028,54.616603058
"Region1","IMP_LPG","LPG",2029,27.308301529
"Region1","IND_BIO_AUTOPRD","BIO_AUTOPRD",2018,58.1680499690002
"Region1","IND_BIO_AUTOPRD","BIO_AUTOPRD",2019,66.3908669
"Region1","IND_BIO_AUTOPRD","BIO_AUTOPRD",2020,72.79156855
"Region1","IND_BIO_AUTOPRD","BIO_AUTOPRD",2021,79.68500115
"Region1","IND_BIO_AUTOPRD","BIO_AUTOPRD",2022,87.1054544
"Region1","IND_BIO_AUTOPRD","BIO_AUTOPRD",2023,95.0894708
"Region1","IND_BIO_AUTOPRD","BIO_AUTOPRD",2024,143.164784561787
"Region1","IND_BIO_AUTOPRD","BIO_AUTOPRD",2025,130.968909745841
"Region1","IND_BIO_AUTOPRD","BIO_AUTOPRD",2026,122.82517095
"Region1","IND_BIO_AUTOPRD","BIO_AUTOPRD",2027,133.47909835
"Region1","IND_BIO_AUTOPRD","BIO_AUTOPRD",2028,168.101983944083
"Region1","IND_BIO_AUTOPRD","BIO_AUTOPRD",2029,157.1964621
"Region1","IND_BIO_AUTOPRD","BIO_AUTOPRD",2030,170.37011415
"Region1","IND_BIO_AUTOPRD","BIO_AUTOPRD",2031,276.749797875
"Region1","IND_BIO_AUTOPRD","BIO_AUTOPRD",2032,199.65012405
"Region1","IND_BIO_AUTOPRD","BIO_AUTOPRD",2033,268.325488322648
"Region1","IND_BIO_AUTOPRD","BIO_AUTOPRD",2034,233.2907835
"Region1","IND_BIO_AUTOPRD","BIO_AUTOPRD",2035,251.9317776
"Region1","IND_CHEM_BIO_001","IND_CHEM",2018,50.0728021500003
"Region1","IND_CHEM_BIO_001","IND_CHEM",2019,45.9000686399999
"Region1","IND_CHEM_BIO_001","IND_CHEM",2020,41.72733513
"Region1","IND_CHEM_BIO_001","IND_CHEM",2021,37.55460161
"Region1","IND_CHEM_BIO_001","IND_CHEM",2022,33.3818681
"Region1","IND_CHEM_BIO_001","IND_CHEM",2023,29.20913459
"Region1","IND_CHEM_BIO_001","IND_CHEM",2024,166.7852392
"Region1","IND_CHEM_BIO_001","IND_CHEM",2025,175.6409926
"Region1","IND_CHEM_BIO_001","IND_CHEM",2026,129.828825246983
"Region1","IND_CHEM_BIO_001","IND_CHEM",2027,94.0258862456825
"Region1","IND_CHEM_BIO_001","IND_CHEM",2028,8.345467025
"Region1","IND_CHEM_BIO_001","IND_CHEM",2029,4.172733513
"Region1","IND_CHEM_COA_001","IND_CHEM",2018,228.1094321
"Region1","IND_CHEM_COA_001","IND_CHEM",2019,254.64322144
"Region1","IND_CHEM_COA_001","IND_CHEM",2020,282.11813401
"Region1","IND_CHEM_COA_001","IND_CHEM",2021,310.58414029
"Region1","IND_CHEM_COA_001","IND_CHEM",2022,340.09386411
"Region1","IND_CHEM_COA_001","IND_CHEM",2023,370.70272335
"Region1","IND_CHEM_COA_001","IND_CHEM",2024,260.72024062
"Region1","IND_CHEM_COA_001","IND_CHEM",2025,280.67706419
"Region1","IND_CHEM_COA_001","IND_CHEM",2026,356.585486573017
"Region1","IND_CHEM_COA_001","IND_CHEM",2027,423.836517624317
"Region1","IND_CHEM_COA_001","IND_CHEM",2028,542.388643656
"Region1","IND_CHEM_COA_001","IND_CHEM",2029,580.932289367003
"Region1","IND_CHEM_COA_001","IND_CHEM",2030,621.0547419
"Region1","IND_CHEM_COA_001","IND_CHEM",2031,654.0307268
"Region1","IND_CHEM_COA_001","IND_CHEM",2032,688.7576296
"Region1","IND_CHEM_COA_001","IND_CHEM",2033,725.3284172
"Region1","IND_CHEM_COA_001","IND_CHEM",2034,763.840996100001
"Region1","IND_CHEM_COA_001","IND_CHEM",2035,804.398466
"Region1","IND_CHEM_DSL_001","IND_CHEM",2018,55.63644684
"Region1","IND_CHEM_DSL_001","IND_CHEM",2019,51.00007627
"Region1","IND_CHEM_DSL_001","IND_CHEM",2020,46.3637057000002
"Region1","IND_CHEM_DSL_001","IND_CHEM",2021,41.72733513
"Region1","IND_CHEM_DSL_001","IND_CHEM",2022,37.0909645600001
"Region1","IND_CHEM_DSL_001","IND_CHEM",2023,32.45459399
"Region1","IND_CHEM_DSL_001","IND_CHEM",2024,27.81822342
"Region1","IND_CHEM_DSL_001","IND_CHEM",2025,23.18185285
"Region1","IND_CHEM_DSL_001","IND_CHEM",2026,18.54548228
"Region1","IND_CHEM_DSL_001","IND_CHEM",2027,13.90911171
"Region1","IND_CHEM_DSL_001","IND_CHEM",2028,9.272741139
"Region1","IND_CHEM_DSL_001","IND_CHEM",2029,4.63637057
"Region1","IND_CHEM_ELC_001","IND_CHEM",2018,55.02505731
"Region1","IND_CHEM_ELC_001","IND_CHEM",2019,57.94670875
"Region1","IND_CHEM_ELC_001","IND_CHEM",2020,61.02349036
"Region1","IND_CHEM_ELC_001","IND_CHEM",2021,64.26363907
"Region1","IND_CHEM_ELC_001","IND_CHEM",2022,67.67582913
"Region1","IND_CHEM_ELC_001","IND_CHEM",2023,71.26919537
"Region1","IND_CHEM_ELC_001","IND_CHEM",2024,75.05335766
"Region1","IND_CHEM_ELC_001","IND_CHEM",2025,79.03844666
"Region1","IND_CHEM_ELC_001","IND_CHEM",2026,83.2351309
"Region1","IND_CHEM_ELC_001","IND_CHEM",2027,87.65464542
"Region1","IND_CHEM_ELC_001","IND_CHEM",2028,92.30882178
"Region1","IND_CHEM_ELC_001","IND_CHEM",2029,97.21011975
"Region1","IND_CHEM_ELC_001","IND_CHEM",2030,102.3716607
"Region1","IND_CHEM_ELC_001","IND_CHEM",2031,107.8072627
"Region1","IND_CHEM_ELC_001","IND_CHEM",2032,113.5314774
"Region1","IND_CHEM_ELC_001","IND_CHEM",2033,119.5596293
"Region1","IND_CHEM_ELC_001","IND_CHEM",2034,125.9078564
"Region1","IND_CHEM_ELC_001","IND_CHEM",2035,132.5931538
"Region1","IND_CHEM_NGS_001","IND_CHEM",2018,222.5457873
"Region1","IND_CHEM_NGS_001","IND_CHEM",2019,234.3622443
"Region1","IND_CHEM_NGS_001","IND_CHEM",2020,246.8061166
"Region1","IND_CHEM_NGS_001","IND_CHEM",2021,259.910718
"Region1","IND_CHEM_NGS_001","IND_CHEM",2022,273.7111311
"Region1","IND_CHEM_NGS_001","IND_CHEM",2023,288.2443013
"Region1","IND_CHEM_NGS_001","IND_CHEM",2024,303.5491354
"Region1","IND_CHEM_NGS_001","IND_CHEM",2025,319.6666065
"Region1","IND_CHEM_NGS_001","IND_CHEM",2026,336.6398628
"Region1","IND_CHEM_NGS_001","IND_CHEM",2027,354.5143437
"Region1","IND_CHEM_NGS_001","IND_CHEM",2028,373.3379014
"Region1","IND_CHEM_NGS_001","IND_CHEM",2029,393.1609288
"Region1","IND_CHEM_NGS_001","IND_CHEM",2030,414.0364944
"Region1","IND_CHEM_NGS_001","IND_CHEM",2031,436.0204845
"Region1","IND_CHEM_NGS_001","IND_CHEM",2032,459.171753
"Region1","IND_CHEM_NGS_001","IND_CHEM",2033,483.5522785
"Region1","IND_CHEM_NGS_001","IND_CHEM",2034,509.2273305
"Region1","IND_CHEM_NGS_001","IND_CHEM",2035,536.2656442
"Region1","IND_CMNT_COA_001","IND_CMNT",2018,474.91271023
"Region1","IND_CMNT_COA_001","IND_CMNT",2019,494.52373679
"Region1","IND_CMNT_COA_001","IND_CMNT",2020,514.8435004
"Region1","IND_CMNT_COA_001","IND_CMNT",2021,535.899031438
"Region1","IND_CMNT_COA_001","IND_CMNT",2022,557.718391117
"Region1","IND_CMNT_COA_001","IND_CMNT",2023,580.330711076
"Region1","IND_CMNT_COA_001","IND_CMNT",2024,603.766233834999
"Region1","IND_CMNT_COA_001","IND_CMNT",2025,628.056355474
"Region1","IND_CMNT_COA_001","IND_CMNT",2026,653.233669273
"Region1","IND_CMNT_COA_001","IND_CMNT",2027,679.332011783
"Region1","IND_CMNT_COA_001","IND_CMNT",2028,706.386510102
"Region1","IND_CMNT_COA_001","IND_CMNT",2029,734.433630590998
"Region1","IND_CMNT_COA_001","IND_CMNT",2030,763.511230959998
"Region1","IND_CMNT_COA_001","IND_CMNT",2031,792.63066261
"Region1","IND_CMNT_COA_001","IND_CMNT",2032,822.86067663
"Region1","IND_CMNT_COA_001","IND_CMNT",2033,854.24362722
"Region1","IND_CMNT_COA_001","IND_CMNT",2034,886.82348692
"Region1","IND_CMNT_COA_001","IND_CMNT",2035,920.64590532
"Region1","IND_CMNT_DSL_001","IND_CMNT",2018,12.33539507
"Region1","IND_CMNT_DSL_001","IND_CMNT",2019,11.30744548
"Region1","IND_CMNT_DSL_001","IND_CMNT",2020,10.27949589
"Region1","IND_CMNT_DSL_001","IND_CMNT",2021,9.251546302
"Region1","IND_CMNT_DSL_001","IND_CMNT",2022,8.223596713
"Region1","IND_CMNT_DSL_001","IND_CMNT",2023,7.195647124
"Region1","IND_CMNT_DSL_001","IND_CMNT",2024,6.167697535
"Region1","IND_CMNT_DSL_001","IND_CMNT",2025,5.139747946
"Region1","IND_CMNT_DSL_001","IND_CMNT",2026,4.111798357
"Region1","IND_CMNT_DSL_001","IND_CMNT",2027,3.083848767
"Region1","IND_CMNT_DSL_001","IND_CMNT",2028,2.055899178
"Region1","IND_CMNT_DSL_001","IND_CMNT",2029,1.027949589
"Region1","IND_CMNT_ELC_001","IND_CMNT",2018,19.0753532
"Region1","IND_CMNT_ELC_001","IND_CMNT",2019,19.80286503
"Region1","IND_CMNT_ELC_001","IND_CMNT",2020,20.55812331
"Region1","IND_CMNT_ELC_001","IND_CMNT",2021,21.34218626
"Region1","IND_CMNT_ELC_001","IND_CMNT",2022,22.15615247
"Region1","IND_CMNT_ELC_001","IND_CMNT",2023,23.0011624
"Region1","IND_CMNT_ELC_001","IND_CMNT",2024,23.87840003
"Region1","IND_CMNT_ELC_001","IND_CMNT",2025,24.78909448
"Region1","IND_CMNT_ELC_001","IND_CMNT",2026,25.73452177
"Region1","IND_CMNT_ELC_001","IND_CMNT",2027,26.71600655
"Region1","IND_CMNT_ELC_001","IND_CMNT",2028,27.73492402
"Region1","IND_CMNT_ELC_001","IND_CMNT",2029,28.79270182
"Region1","IND_CMNT_ELC_001","IND_CMNT",2030,29.89082204
"Region1","IND_CMNT_ELC_001","IND_CMNT",2031,31.03082329
"Region1","IND_CMNT_ELC_001","IND_CMNT",2032,32.21430287
"Region1","IND_CMNT_ELC_001","IND_CMNT",2033,33.44291898
"Region1","IND_CMNT_ELC_001","IND_CMNT",2034,34.71839308
"Region1","IND_CMNT_ELC_001","IND_CMNT",2035,36.04251228
"Region1","IND_CMNT_NGS_001","IND_CMNT",2018,129.5216482
"Region1","IND_CMNT_NGS_001","IND_CMNT",2019,134.4614535
"Region1","IND_CMNT_NGS_001","IND_CMNT",2020,139.5896573
"Region1","IND_CMNT_NGS_001","IND_CMNT",2021,144.9134447
"Region1","IND_CMNT_NGS_001","IND_CMNT",2022,150.4402753
"Region1","IND_CMNT_NGS_001","IND_CMNT",2023,156.1778927
"Region1","IND_CMNT_NGS_001","IND_CMNT",2024,162.1343362
"Region1","IND_CMNT_NGS_001","IND_CMNT",2025,168.3179515
"Region1","IND_CMNT_NGS_001","IND_CMNT",2026,174.7374028
"Region1","IND_CMNT_NGS_001","IND_CMNT",2027,181.4016845
"Region1","IND_CMNT_NGS_001","IND_CMNT",2028,188.3201341
"Region1","IND_CMNT_NGS_001","IND_CMNT",2029,195.5024454
"Region1","IND_CMNT_NGS_001","IND_CMNT",2030,202.9586817
"Region1","IND_CMNT_NGS_001","IND_CMNT",2031,210.6992901
"Region1","IND_CMNT_NGS_001","IND_CMNT",2032,218.7351165
"Region1","IND_CMNT_NGS_001","IND_CMNT",2033,227.0774198
"Region1","IND_CMNT_NGS_001","IND_CMNT",2034,235.737889
"Region1","IND_CMNT_NGS_001","IND_CMNT",2035,244.7286584
"Region1","IND_FOOD_BIO_001","IND_FOOD",2018,168.6843008
"Region1","IND_FOOD_BIO_001","IND_FOOD",2019,154.6272758
"Region1","IND_FOOD_BIO_001","IND_FOOD",2020,140.5702507
"Region1","IND_FOOD_BIO_001","IND_FOOD",2021,126.5132256
"Region1","IND_FOOD_BIO_001","IND_FOOD",2022,112.4562006
"Region1","IND_FOOD_BIO_001","IND_FOOD",2023,98.3991754899999
"Region1","IND_FOOD_BIO_001","IND_FOOD",2024,103.425395260646
"Region1","IND_FOOD_BIO_001","IND_FOOD",2025,240.1866162
"Region1","IND_FOOD_BIO_001","IND_FOOD",2026,143.98363466213
"Region1","IND_FOOD_BIO_001","IND_FOOD",2027,77.8453782898289
"Region1","IND_FOOD_BIO_001","IND_FOOD",2028,28.11405014
"Region1","IND_FOOD_BIO_001","IND_FOOD",2029,14.05702507
"Region1","IND_FOOD_COA_001","IND_FOOD",2018,150.44816029
"Region1","IND_FOOD_COA_001","IND_FOOD",2019,192.73357557
"Region1","IND_FOOD_COA_001","IND_FOOD",2020,236.10688294
"Region1","IND_FOOD_COA_001","IND_FOOD",2021,280.62441319
"Region1","IND_FOOD_COA_001","IND_FOOD",2022,326.34541403
"Region1","IND_FOOD_COA_001","IND_FOOD",2023,373.33220135
"Region1","IND_FOOD_COA_001","IND_FOOD",2024,402.567072369354
"Region1","IND_FOOD_COA_001","IND_FOOD",2025,301.46720699
"Region1","IND_FOOD_COA_001","IND_FOOD",2026,434.804314417869
"Region1","IND_FOOD_COA_001","IND_FOOD",2027,539.625726900171
"Region1","IND_FOOD_COA_001","IND_FOOD",2028,629.66945016
"Region1","IND_FOOD_COA_001","IND_FOOD",2029,685.752471107
"Region1","IND_FOOD_COA_001","IND_FOOD",2030,743.637823
"Region1","IND_FOOD_COA_001","IND_FOOD",2031,782.143332930001
"Region1","IND_FOOD_COA_001","IND_FOOD",2032,822.64265548
"Region1","IND_FOOD_COA_001","IND_FOOD",2033,865.239029770001
"Region1","IND_FOOD_COA_001","IND_FOOD",2034,910.04104079
"Region1","IND_FOOD_COA_001","IND_FOOD",2035,957.16289631
"Region1","IND_FOOD_DSL_001","IND_FOOD",2018,86.621668
"Region1","IND_FOOD_DSL_001","IND_FOOD",2019,79.40319566
"Region1","IND_FOOD_DSL_001","IND_FOOD",2020,72.18472333
"Region1","IND_FOOD_DSL_001","IND_FOOD",2021,64.966251
"Region1","IND_FOOD_DSL_001","IND_FOOD",2022,57.74777866
"Region1","IND_FOOD_DSL_001","IND_FOOD",2023,50.52930633
"Region1","IND_FOOD_DSL_001","IND_FOOD",2024,43.3108339999999
"Region1","IND_FOOD_DSL_001","IND_FOOD",2025,36.09236167
"Region1","IND_FOOD_DSL_001","IND_FOOD",2026,28.87388933
"Region1","IND_FOOD_DSL_001","IND_FOOD",2027,21.655417
"Region1","IND_FOOD_DSL_001","IND_FOOD",2028,14.43694467
"Region1","IND_FOOD_DSL_001","IND_FOOD",2029,7.218472333
"Region1","IND_FOOD_ELC_001","IND_FOOD",2018,39.64378398
"Region1","IND_FOOD_ELC_001","IND_FOOD",2019,41.6965361
"Region1","IND_FOOD_ELC_001","IND_FOOD",2020,43.85557957
"Region1","IND_FOOD_ELC_001","IND_FOOD",2021,46.12641815
"Region1","IND_FOOD_ELC_001","IND_FOOD",2022,48.51484058
"Region1","IND_FOOD_ELC_001","IND_FOOD",2023,51.02693533
"Region1","IND_FOOD_ELC_001","IND_FOOD",2024,53.66910617
"Region1","IND_FOOD_ELC_001","IND_FOOD",2025,56.44808841
"Region1","IND_FOOD_ELC_001","IND_FOOD",2026,59.37096613
"Region1","IND_FOOD_ELC_001","IND_FOOD",2027,62.44519025
"Region1","IND_FOOD_ELC_001","IND_FOOD",2028,65.67859745
"Region1","IND_FOOD_ELC_001","IND_FOOD",2029,69.07943024
"Region1","IND_FOOD_ELC_001","IND_FOOD",2030,72.65635788
"Region1","IND_FOOD_ELC_001","IND_FOOD",2031,76.41849857
"Region1","IND_FOOD_ELC_001","IND_FOOD",2032,80.37544262
"Region1","IND_FOOD_ELC_001","IND_FOOD",2033,84.53727693
"Region1","IND_FOOD_ELC_001","IND_FOOD",2034,88.91461071
"Region1","IND_FOOD_ELC_001","IND_FOOD",2035,93.51860249
"Region1","IND_FOOD_NGS_001","IND_FOOD",2018,50.14938673
"Region1","IND_FOOD_NGS_001","IND_FOOD",2019,52.74611817
"Region1","IND_FOOD_NGS_001","IND_FOOD",2020,55.47730816
"Region1","IND_FOOD_NGS_001","IND_FOOD",2021,58.34991896
"Region1","IND_FOOD_NGS_001","IND_FOOD",2022,61.37127333
"Region1","IND_FOOD_NGS_001","IND_FOOD",2023,64.5490732
"Region1","IND_FOOD_NGS_001","IND_FOOD",2024,67.8914193
"Region1","IND_FOOD_NGS_001","IND_FOOD",2025,71.40683183
"Region1","IND_FOOD_NGS_001","IND_FOOD",2026,75.10427216
"Region1","IND_FOOD_NGS_001","IND_FOOD",2027,78.99316566
"Region1","IND_FOOD_NGS_001","IND_FOOD",2028,83.08342578
"Region1","IND_FOOD_NGS_001","IND_FOOD",2029,87.38547925
"Region1","IND_FOOD_NGS_001","IND_FOOD",2030,91.91029272
"Region1","IND_FOOD_NGS_001","IND_FOOD",2031,96.6694007
"Region1","IND_FOOD_NGS_001","IND_FOOD",2032,101.6749349
"Region1","IND_FOOD_NGS_001","IND_FOOD",2033,106.9396553
"Region1","IND_FOOD_NGS_001","IND_FOOD",2034,112.4769825
"Region1","IND_FOOD_NGS_001","IND_FOOD",2035,118.3010322
"Region1","IND_OTH_BIO","IND_OTH",2018,116.336099938
"Region1","IND_OTH_BIO","IND_OTH",2019,132.7817338
"Region1","IND_OTH_BIO","IND_OTH",2020,145.5831371
"Region1","IND_OTH_BIO","IND_OTH",2021,159.3700023
"Region1","IND_OTH_BIO","IND_OTH",2022,174.2109088
"Region1","IND_OTH_BIO","IND_OTH",2023,190.1789416
"Region1","IND_OTH_BIO","IND_OTH",2024,207.3519762
"Region1","IND_OTH_BIO","IND_OTH",2025,225.8129817
"Region1","IND_OTH_BIO","IND_OTH",2026,245.6503419
"Region1","IND_OTH_BIO","IND_OTH",2027,266.9581967
"Region1","IND_OTH_BIO","IND_OTH",2028,289.836804
"Region1","IND_OTH_BIO","IND_OTH",2029,314.3929242
"Region1","IND_OTH_BIO","IND_OTH",2030,340.7402283
"Region1","IND_OTH_BIO","IND_OTH",2031,368.9997305
"Region1","IND_OTH_BIO","IND_OTH",2032,399.3002481
"Region1","IND_OTH_BIO","IND_OTH",2033,431.7788886
"Region1","IND_OTH_BIO","IND_OTH",2034,466.581567
"Region1","IND_OTH_BIO","IND_OTH",2035,503.8635552
"Region1","IND_OTH_COA_001","IND_OTH",2018,222.826383
"Region1","IND_OTH_COA_001","IND_OTH",2019,240.464662368
"Region1","IND_OTH_COA_001","IND_OTH",2020,263.036855817999
"Region1","IND_OTH_COA_001","IND_OTH",2021,285.981791468
"Region1","IND_OTH_COA_001","IND_OTH",2022,309.303051608
"Region1","IND_OTH_COA_001","IND_OTH",2023,333.003546959
"Region1","IND_OTH_COA_001","IND_OTH",2024,357.085433908999
"Region1","IND_OTH_COA_001","IND_OTH",2025,381.550029359
"Region1","IND_OTH_COA_001","IND_OTH",2026,406.397713109
"Region1","IND_OTH_COA_001","IND_OTH",2027,431.627824359
"Region1","IND_OTH_COA_001","IND_OTH",2028,457.2385508
"Region1","IND_OTH_COA_001","IND_OTH",2029,483.226808151999
"Region1","IND_OTH_COA_001","IND_OTH",2030,509.588109700003
"Region1","IND_OTH_COA_001","IND_OTH",2031,526.506597199999
"Region1","IND_OTH_COA_001","IND_OTH",2032,543.7843782
"Region1","IND_OTH_COA_001","IND_OTH",2033,561.4118739
"Region1","IND_OTH_COA_001","IND_OTH",2034,579.377473599999
"Region1","IND_OTH_COA_001","IND_OTH",2035,597.667345
"Region1","IND_OTH_DSL_001","IND_OTH",2018,115.6451654
"Region1","IND_OTH_DSL_001","IND_OTH",2019,106.0080683
"Region1","IND_OTH_DSL_001","IND_OTH",2020,96.3709711799998
"Region1","IND_OTH_DSL_001","IND_OTH",2021,86.73387406
"Region1","IND_OTH_DSL_001","IND_OTH",2022,77.09677695
"Region1","IND_OTH_DSL_001","IND_OTH",2023,67.45967983
"Region1","IND_OTH_DSL_001","IND_OTH",2024,57.82258271
"Region1","IND_OTH_DSL_001","IND_OTH",2025,48.18548559
"Region1","IND_OTH_DSL_001","IND_OTH",2026,38.54838847
"Region1","IND_OTH_DSL_001","IND_OTH",2027,28.91129135
"Region1","IND_OTH_DSL_001","IND_OTH",2028,19.27419424
"Region1","IND_OTH_DSL_001","IND_OTH",2029,9.637097118
"Region1","IND_OTH_ELC_001","IND_OTH",2018,113.3996282
"Region1","IND_OTH_ELC_001","IND_OTH",2019,119.4245565
"Region1","IND_OTH_ELC_001","IND_OTH",2020,125.7695895
"Region1","IND_OTH_ELC_001","IND_OTH",2021,132.4517345
"Region1","IND_OTH_ELC_001","IND_OTH",2022,139.4889021
"Region1","IND_OTH_ELC_001","IND_OTH",2023,146.8999549
"Region1","IND_OTH_ELC_001","IND_OTH",2024,154.7047573
"Region1","IND_OTH_ELC_001","IND_OTH",2025,162.9242292
"Region1","IND_OTH_ELC_001","IND_OTH",2026,171.5804022
"Region1","IND_OTH_ELC_001","IND_OTH",2027,180.696478
"Region1","IND_OTH_ELC_001","IND_OTH",2028,190.2968915
"Region1","IND_OTH_ELC_001","IND_OTH",2029,200.4073754
"Region1","IND_OTH_ELC_001","IND_OTH",2030,211.0550299
"Region1","IND_OTH_ELC_001","IND_OTH",2031,222.2683948
"Region1","IND_OTH_ELC_001","IND_OTH",2032,234.0775264
"Region1","IND_OTH_ELC_001","IND_OTH",2033,246.5140778
"Region1","IND_OTH_ELC_001","IND_OTH",2034,259.6113838
"Region1","IND_OTH_ELC_001","IND_OTH",2035,273.4045504
"Region1","IND_OTH_LPG_001","IND_OTH",2018,2.072803562
"Region1","IND_OTH_LPG_001","IND_OTH",2019,1.900069932
"Region1","IND_OTH_LPG_001","IND_OTH",2020,1.727336302
"Region1","IND_OTH_LPG_001","IND_OTH",2021,1.554602672
"Region1","IND_OTH_LPG_001","IND_OTH",2022,1.381869042
"Region1","IND_OTH_LPG_001","IND_OTH",2023,1.209135411
"Region1","IND_OTH_LPG_001","IND_OTH",2024,1.036401781
"Region1","IND_OTH_LPG_001","IND_OTH",2025,0.863668151
"Region1","IND_OTH_LPG_001","IND_OTH",2026,0.690934521
"Region1","IND_OTH_LPG_001","IND_OTH",2027,0.518200891
"Region1","IND_OTH_LPG_001","IND_OTH",2028,0.34546726
"Region1","IND_OTH_LPG_001","IND_OTH",2029,0.17273363
"Region1","IND_OTH_NGS_001","IND_OTH",2018,293.3880709
"Region1","IND_OTH_NGS_001","IND_OTH",2019,308.9757947
"Region1","IND_OTH_NGS_001","IND_OTH",2020,325.391695
"Region1","IND_OTH_NGS_001","IND_OTH",2021,342.679773
"Region1","IND_OTH_NGS_001","IND_OTH",2022,360.8863675
"Region1","IND_OTH_NGS_001","IND_OTH",2023,380.0602793
"Region1","IND_OTH_NGS_001","IND_OTH",2024,400.2529021
"Region1","IND_OTH_NGS_001","IND_OTH",2025,421.51836
"Region1","IND_OTH_NGS_001","IND_OTH",2026,443.9136528
"Region1","IND_OTH_NGS_001","IND_OTH",2027,467.4988087
"Region1","IND_OTH_NGS_001","IND_OTH",2028,492.3370452
"Region1","IND_OTH_NGS_001","IND_OTH",2029,518.4949385
"Region1","IND_OTH_NGS_001","IND_OTH",2030,546.042602099997
"Region1","IND_OTH_NGS_001","IND_OTH",2031,575.0538745
"Region1","IND_OTH_NGS_001","IND_OTH",2032,605.6065173
"Region1","IND_OTH_NGS_001","IND_OTH",2033,637.7824237
"Region1","IND_OTH_NGS_001","IND_OTH",2034,671.6678376
"Region1","IND_OTH_NGS_001","IND_OTH",2035,707.3535854
"Region1","IND_TEXT_COA_001","IND_TEXT",2018,273.7882012
"Region1","IND_TEXT_COA_001","IND_TEXT",2019,295.98231664
"Region1","IND_TEXT_COA_001","IND_TEXT",2020,315.62283939
"Region1","IND_TEXT_COA_001","IND_TEXT",2021,336.13801025
"Region1","IND_TEXT_COA_001","IND_TEXT",2022,357.57311838
"Region1","IND_TEXT_COA_001","IND_TEXT",2023,379.97579814
"Region1","IND_TEXT_COA_001","IND_TEXT",2024,403.39615031
"Region1","IND_TEXT_COA_001","IND_TEXT",2025,427.8868699
"Region1","IND_TEXT_COA_001","IND_TEXT",2026,453.503380330001
"Region1","IND_TEXT_COA_001","IND_TEXT",2027,480.303975145
"Region1","IND_TEXT_COA_001","IND_TEXT",2028,508.349965966
"Region1","IND_TEXT_COA_001","IND_TEXT",2029,537.705839478
"Region1","IND_TEXT_COA_001","IND_TEXT",2030,568.43942112
"Region1","IND_TEXT_COA_001","IND_TEXT",2031,597.87317117
"Region1","IND_TEXT_COA_001","IND_TEXT",2032,628.83099862
"Region1","IND_TEXT_COA_001","IND_TEXT",2033,661.39181981
"Region1","IND_TEXT_COA_001","IND_TEXT",2034,695.63863801
"Region1","IND_TEXT_COA_001","IND_TEXT",2035,731.6587538
"Region1","IND_TEXT_DSL_001","IND_TEXT",2018,32.98653026
"Region1","IND_TEXT_DSL_001","IND_TEXT",2019,30.23765274
"Region1","IND_TEXT_DSL_001","IND_TEXT",2020,27.48877522
"Region1","IND_TEXT_DSL_001","IND_TEXT",2021,24.7398977
"Region1","IND_TEXT_DSL_001","IND_TEXT",2022,21.99102017
"Region1","IND_TEXT_DSL_001","IND_TEXT",2023,19.24214265
"Region1","IND_TEXT_DSL_001","IND_TEXT",2024,16.49326513
"Region1","IND_TEXT_DSL_001","IND_TEXT",2025,13.74438761
"Region1","IND_TEXT_DSL_001","IND_TEXT",2026,10.99551009
"Region1","IND_TEXT_DSL_001","IND_TEXT",2027,8.24663256499996
"Region1","IND_TEXT_DSL_001","IND_TEXT",2028,5.497755044
"Region1","IND_TEXT_DSL_001","IND_TEXT",2029,2.748877522
"Region1","IND_TEXT_ELC_001","IND_TEXT",2018,77.37581172
"Region1","IND_TEXT_ELC_001","IND_TEXT",2019,82.28035867
"Region1","IND_TEXT_ELC_001","IND_TEXT",2020,86.54082939
"Region1","IND_TEXT_ELC_001","IND_TEXT",2021,91.02190696
"Region1","IND_TEXT_ELC_001","IND_TEXT",2022,95.73501438
"Region1","IND_TEXT_ELC_001","IND_TEXT",2023,100.6921662
"Region1","IND_TEXT_ELC_001","IND_TEXT",2024,105.9059989
"Region1","IND_TEXT_ELC_001","IND_TEXT",2025,111.3898034
"Region1","IND_TEXT_ELC_001","IND_TEXT",2026,117.157559
"Region1","IND_TEXT_ELC_001","IND_TEXT",2027,123.2239685
"Region1","IND_TEXT_ELC_001","IND_TEXT",2028,129.6044962
"Region1","IND_TEXT_ELC_001","IND_TEXT",2029,136.3154072
"Region1","IND_TEXT_ELC_001","IND_TEXT",2030,143.3738086
"Region1","IND_TEXT_ELC_001","IND_TEXT",2031,150.7976935
"Region1","IND_TEXT_ELC_001","IND_TEXT",2032,158.6059866
"Region1","IND_TEXT_ELC_001","IND_TEXT",2033,166.8185926
"Region1","IND_TEXT_ELC_001","IND_TEXT",2034,175.4564466
"Region1","IND_TEXT_ELC_001","IND_TEXT",2035,184.5415681
"Region1","IND_TEXT_NGS_001","IND_TEXT",2018,23.09057118
"Region1","IND_TEXT_NGS_001","IND_TEXT",2019,24.55419125
"Region1","IND_TEXT_NGS_001","IND_TEXT",2020,25.8256054
"Region1","IND_TEXT_NGS_001","IND_TEXT",2021,27.16285329
"Region1","IND_TEXT_NGS_001","IND_TEXT",2022,28.56934377
"Region1","IND_TEXT_NGS_001","IND_TEXT",2023,30.04866221
"Region1","IND_TEXT_NGS_001","IND_TEXT",2024,31.60457966
"Region1","IND_TEXT_NGS_001","IND_TEXT",2025,33.24106239
"Region1","IND_TEXT_NGS_001","IND_TEXT",2026,34.96228208
"Region1","IND_TEXT_NGS_001","IND_TEXT",2027,36.77262639
"Region1","IND_TEXT_NGS_001","IND_TEXT",2028,38.67671019
"Region1","IND_TEXT_NGS_001","IND_TEXT",2029,40.6793873
"Region1","IND_TEXT_NGS_001","IND_TEXT",2030,42.78576288
"Region1","IND_TEXT_NGS_001","IND_TEXT",2031,45.00120643
"Region1","IND_TEXT_NGS_001","IND_TEXT",2032,47.33136548
"Region1","IND_TEXT_NGS_001","IND_TEXT",2033,49.78217999
"Region1","IND_TEXT_NGS_001","IND_TEXT",2034,52.35989749
"Region1","IND_TEXT_NGS_001","IND_TEXT",2035,55.071089
"Region1","MIN_BIO","BIO",2018,1957.063963968
"Region1","MIN_BIO","BIO",2019,2211.21180301034
"Region1","MIN_BIO","BIO",2020,2448.48315530595
"Region1","MIN_BIO","BIO",2021,2857.04094828967
"Region1","MIN_BIO","BIO",2022,3094.1773104316
"Region1","MIN_BIO","BIO",2023,3337.07854624041
"Region1","MIN_BIO","BIO",2024,3121.71016846098
"Region1","MIN_BIO","BIO",2025,3285.94595959266
"Region1","MIN_BIO","BIO",2026,3151.30171568369
"Region1","MIN_BIO","BIO",2027,3043.83931444767
"Region1","MIN_BIO","BIO",2028,3500
"Region1","MIN_BIO","BIO",2029,3500
"Region1","MIN_BIO","BIO",2030,3500
"Region1","MIN_BIO","BIO",2031,3437.28407139388
"Region1","MIN_BIO","BIO",2032,3445.15363134209
"Region1","MIN_BIO","BIO",2033,3500
"Region1","MIN_BIO","BIO",2034,3500
"Region1","MIN_BIO","BIO",2035,3500
"Region1","MIN_COA","COA",2018,3709.07442177025
"Region1","MIN_COA","COA",2019,3758.72301292395
"Region1","MIN_COA","COA",2020,3833.87279750142
"Region1","MIN_COA","COA",2021,3966.36212290424
"Region1","MIN_COA","COA",2022,4313.01594091564
"Region1","MIN_COA","COA",2023,4682.0136281168
"Region1","MIN_COA","COA",2024,5216.83113301901
"Region1","MIN_COA","COA",2025,4844.5561528384
"Region1","MIN_COA","COA",2026,5336.26764462633
"Region1","MIN_COA","COA",2027,5940.96079683965
"Region1","MIN_COA","COA",2028,6297.08773812593
"Region1","MIN_COA","COA",2029,6929.65245571568
"Region1","MIN_COA","COA",2030,7670.52938046948
"Region1","MIN_COA","COA",2031,8372.96363691286
"Region1","MIN_COA","COA",2032,9083.35212150166
"Region1","MIN_COA","COA",2033,9800.78718764046
"Region1","MIN_COA","COA",2034,10525.5906919293
"Region1","MIN_COA","COA",2035,11266.2203442984
"Region1","MIN_GEO","GEO",2018,313.14077280611
"Region1","MIN_GEO","GEO",2019,369.629857559176
"Region1","MIN_GEO","GEO",2020,359.987339535893
"Region1","MIN_GEO","GEO",2021,348.737735175396
"Region1","MIN_GEO","GEO",2022,339.095217152113
"Region1","MIN_GEO","GEO",2023,535.159750292198
"Region1","MIN_GEO","GEO",2024,846.934499711677
"Region1","MIN_GEO","GEO",2025,1157.10216279394
"Region1","MIN_GEO","GEO",2026,1167.1980104357
"Region1","MIN_GEO","GEO",2027,1136.21004041016
"Region1","MIN_GEO","GEO",2028,1249.90477666519
"Region1","MIN_GEO","GEO",2029,1577.46496123301
"Region1","MIN_GEO","GEO",2030,2000.59296494068
"Region1","MIN_GEO","GEO",2031,2062.61117282955
"Region1","MIN_GEO","GEO",2032,2195.14405941227
"Region1","MIN_GEO","GEO",2033,2659.29884747426
"Region1","MIN_GEO","GEO",2034,2678.47722868968
"Region1","MIN_GEO","GEO",2035,2678.47722868968
"Region1","MIN_HYD","HYD",2018,66.1289196306816
"Region1","MIN_HYD","HYD",2019,64.841622709248
"Region1","MIN_HYD","HYD",2020,63.530486955936
"Region1","MIN_HYD","HYD",2021,62.219351202624
"Region1","MIN_HYD","HYD",2022,60.78902128992
"Region1","MIN_HYD","HYD",2023,59.477885536608
"Region1","MIN_HYD","HYD",2024,82.24396998048
"Region1","MIN_HYD","HYD",2025,80.932834227168
"Region1","MIN_HYD","HYD",2026,79.621698473856
"Region1","MIN_HYD","HYD",2027,78.310562720544
"Region1","MIN_HYD","HYD",2028,76.999426967232
"Region1","MIN_HYD","HYD",2029,75.68829121392
"Region1","MIN_HYD","HYD",2030,74.377155460608
"Region1","MIN_HYD","HYD",2031,73.066019707296
"Region1","MIN_HYD","HYD",2032,105.590343568854
"Region1","MIN_HYD","HYD",2033,163.876287511542
"Region1","MIN_HYD","HYD",2034,222.16223145423
"Region1","MIN_HYD","HYD",2035,280.448175396918
"Region1","MIN_LIG","LIG",2021,59.213009626848
"Region1","MIN_LIG","LIG",2022,143.803023379488
"Region1","MIN_LIG","LIG",2023,146.409565945676
"Region1","MIN_LIG","LIG",2024,146.409565945676
"Region1","MIN_LIG","LIG",2025,146.409565945676
"Region1","MIN_LIG","LIG",2026,239.118162076724
"Region1","MIN_LIG","LIG",2027,314.27290591927
"Region1","MIN_LIG","LIG",2028,401.097648543768
"Region1","MIN_LIG","LIG",2029,401.097648543768
"Region1","MIN_LIG","LIG",2030,401.097648543768
"Region1","MIN_LIG","LIG",2031,401.097648543768
"Region1","MIN_LIG","LIG",2032,401.097648543768
"Region1","MIN_LIG","LIG",2033,401.097648543768
"Region1","MIN_LIG","LIG",2034,401.097648543768
"Region1","MIN_LIG","LIG",2035,401.097648543768
"Region1","MIN_NGS","NGS_001",2018,989.698319256729
"Region1","MIN_NGS","NGS_001",2019,1166.76159406134
"Region1","MIN_NGS","NGS_001",2020,1381.28172963981
"Region1","MIN_NGS","NGS_001",2021,1426.22809120844
"Region1","MIN_NGS","NGS_001",2022,1426.22809120844
"Region1","MIN_NGS","NGS_001",2023,1426.22809120844
"Region1","MIN_NGS","NGS_001",2024,1426.22809120844
"Region1","MIN_NGS","NGS_001",2025,1910.65244825056
"Region1","MIN_NGS","NGS_001",2026,2110.8550103895
"Region1","MIN_NGS","NGS_001",2027,2232.93000915215
"Region1","MIN_NGS","NGS_001",2028,2246.30575241811
"Region1","MIN_NGS","NGS_001",2029,2359.9779973402
"Region1","MIN_NGS","NGS_001",2030,2360.17185060612
"Region1","MIN_NGS","NGS_001",2031,2392.50190554781
"Region1","MIN_NGS","NGS_001",2032,2424.29562932293
"Region1","MIN_NGS","NGS_001",2033,2572.58672984584
"Region1","MIN_NGS","NGS_001",2034,2720.14527382278
"Region1","MIN_NGS","NGS_001",2035,2899.95129667787
"Region1","MIN_OIL","OIL",2018,85.50911049
"Region1","MIN_OIL","OIL",2019,84.0171179856015
"Region1","MIN_OIL","OIL",2020,82.2590412811086
"Region1","MIN_OIL","OIL",2021,80.2155695115135
"Region1","MIN_OIL","OIL",2022,77.8662556084181
"Region1","MIN_OIL","OIL",2023,75.18945559292
"Region1","MIN_OIL","OIL",2024,72.1622648004733
"Region1","MIN_OIL","OIL",2025,68.7604508881942
"Region1","MIN_OIL","OIL",2026,64.9583834679787
"Region1","MIN_OIL","OIL",2027,60.7289602013625
"Region1","MIN_OIL","OIL",2028,56.0435291842741
"Region1","MIN_OIL","OIL",2029,50.8718074416859
"Region1","MIN_OIL","OIL",2030,45.1817953436468
"Region1","MIN_OIL","OIL",2031,47.1103520475182
"Region1","MIN_OIL","OIL",2032,49.0418764814665
"Region1","MIN_OIL","OIL",2033,51.0525934172066
"Region1","MIN_OIL","OIL",2034,53.1457497473121
"Region1","MIN_OIL","OIL",2035,55.3247254869518
"Region1","MIN_SOL","SOL",2018,1.3831311168
"Region1","MIN_SOL","SOL",2019,3.3041465568
"Region1","MIN_SOL","SOL",2020,7.7609023776
"Region1","MIN_SOL","SOL",2021,14.38056358848
"Region1","MIN_SOL","SOL",2022,27.84140118144
"Region1","MIN_SOL","SOL",2023,46.34067106944
"Region1","MIN_SOL","SOL",2024,64.83994095744
"Region1","MIN_SOL","SOL",2025,107.43206741136
"Region1","MIN_SOL","SOL",2026,125.52775723152
"Region1","MIN_SOL","SOL",2027,203.58446511744
"Region1","MIN_SOL","SOL",2028,249.83263983744
"Region1","MIN_SOL","SOL",2029,296.08081455744
"Region1","MIN_SOL","SOL",2030,388.57716399744
"Region1","MIN_SOL","SOL",2031,481.07351343744
"Region1","MIN_SOL","SOL",2032,573.56986287744
"Region1","MIN_SOL","SOL",2033,666.06621231744
"Region1","MIN_SOL","SOL",2034,758.56256175744
"Region1","MIN_SOL","SOL",2035,851.05891119744
"Region1","MIN_WND","WND",2018,1.597453998624
"Region1","MIN_WND","WND",2019,1.76899268304
"Region1","MIN_WND","WND",2020,1.76899268304
"Region1","MIN_WND","WND",2021,1.76899268304
"Region1","MIN_WND","WND",2022,1.76899268304
"Region1","MIN_WND","WND",2023,1.76899268304
"Region1","MIN_WND","WND",2024,1.76899268304
"Region1","MIN_WND","WND",2025,28.57191212304
"Region1","MIN_WND","WND",2026,55.37483156304
"Region1","MIN_WND","WND",2027,82.17775100304
"Region1","MIN_WND","WND",2028,108.98067044304
"Region1","MIN_WND","WND",2029,135.78358988304
"Region1","MIN_WND","WND",2030,189.38942876304
"Region1","MIN_WND","WND",2031,242.99526764304
"Region1","MIN_WND","WND",2032,296.60110652304
"Region1","MIN_WND","WND",2033,350.20694540304
"Region1","MIN_WND","WND",2034,403.81278428304
"Region1","MIN_WND","WND",2035,457.41862316304
"Region1","NGS_DISTRIB","NGS_003",2018,0.828084357099992
"Region1","NGS_DISTRIB","NGS_003",2019,26.0123664894401
"Region1","NGS_DISTRIB","NGS_003",2020,49.7677020622
"Region1","NGS_DISTRIB","NGS_003",2021,73.82037307586
"Region1","NGS_DISTRIB","NGS_003",2022,98.1789688598401
"Region1","NGS_DISTRIB","NGS_003",2023,122.85231146436
"Region1","NGS_DISTRIB","NGS_003",2024,147.84951855192
"Region1","NGS_DISTRIB","NGS_003",2025,173.17988420372
"Region1","NGS_DISTRIB","NGS_003",2026,198.8531233847
"Region1","NGS_DISTRIB","NGS_003",2027,224.8790704938
"Region1","NGS_DISTRIB","NGS_003",2028,251.2679241166
"Region1","NGS_DISTRIB","NGS_003",2029,278.03018877796
"Region1","NGS_DISTRIB","NGS_003",2030,305.176731152808
"Region1","NGS_DISTRIB","NGS_003",2031,329.084977475808
"Region1","NGS_DISTRIB","NGS_003",2032,353.400001794648
"Region1","NGS_DISTRIB","NGS_003",2033,378.133611582088
"Region1","NGS_DISTRIB","NGS_003",2034,403.297870015028
"Region1","NGS_DISTRIB","NGS_003",2035,428.905339868588
"Region1","NGS_PIPELINE","NGS_002",2018,969.904352871595
"Region1","NGS_PIPELINE","NGS_002",2019,1143.42636218011
"Region1","NGS_PIPELINE","NGS_002",2020,1353.65609504701
"Region1","NGS_PIPELINE","NGS_002",2021,1397.70352938427
"Region1","NGS_PIPELINE","NGS_002",2022,1397.70352938427
"Region1","NGS_PIPELINE","NGS_002",2023,1397.70352938427
"Region1","NGS_PIPELINE","NGS_002",2024,1397.70352938427
"Region1","NGS_PIPELINE","NGS_002",2025,1872.43939928555
"Region1","NGS_PIPELINE","NGS_002",2026,2068.63791018171
"Region1","NGS_PIPELINE","NGS_002",2027,2188.2714089691
"Region1","NGS_PIPELINE","NGS_002",2028,2201.37963736975
"Region1","NGS_PIPELINE","NGS_002",2029,2312.77843739339
"Region1","NGS_PIPELINE","NGS_002",2030,2312.968413594
"Region1","NGS_PIPELINE","NGS_002",2031,2344.65186743685
"Region1","NGS_PIPELINE","NGS_002",2032,2375.80971673647
"Region1","NGS_PIPELINE","NGS_002",2033,2521.13499524892
"Region1","NGS_PIPELINE","NGS_002",2034,2665.74236834633
"Region1","NGS_PIPELINE","NGS_002",2035,2841.95227074431
"Region1","OTH_ALL_BIO_001","OTH_EN",2019,4.98584253333738
"Region1","OTH_ALL_BIO_001","OTH_EN",2020,10.3806573849468
"Region1","OTH_ALL_BIO_001","OTH_EN",2021,16.2094673809502
"Region1","OTH_ALL_BIO_001","OTH_EN",2022,22.4987914642366
"Region1","OTH_ALL_BIO_001","OTH_EN",2023,29.2765937274135
"Region1","OTH_ALL_BIO_001","OTH_EN",2024,36.5723570601939
"Region1","OTH_ALL_BIO_001","OTH_EN",2025,44.4171608223604
"Region1","OTH_ALL_BIO_001","OTH_EN",2026,52.8437622368086
"Region1","OTH_ALL_BIO_001","OTH_EN",2027,61.8866815645211
"Region1","OTH_ALL_BIO_001","OTH_EN",2028,71.5822920310107
"Region1","OTH_ALL_BIO_001","OTH_EN",2029,81.9689131818256
"Region1","OTH_ALL_BIO_001","OTH_EN",2030,93.0869096531286
"Region1","OTH_ALL_BIO_001","OTH_EN",2031,96.808128949925
"Region1","OTH_ALL_BIO_001","OTH_EN",2032,100.757235014172
"Region1","OTH_ALL_BIO_001","OTH_EN",2033,104.867435631953
"Region1","OTH_ALL_BIO_001","OTH_EN",2034,109.145302461463
"Region1","OTH_ALL_BIO_001","OTH_EN",2035,113.597674858883
"Region1","OTH_ALL_EL_001","OTH_EN",2018,10.5114920663411
"Region1","OTH_ALL_EL_001","OTH_EN",2019,10.9424632410611
"Region1","OTH_ALL_EL_001","OTH_EN",2020,11.3911042339446
"Region1","OTH_ALL_EL_001","OTH_EN",2021,11.8581395075363
"Region1","OTH_ALL_EL_001","OTH_EN",2022,12.3443232273453
"Region1","OTH_ALL_EL_001","OTH_EN",2023,12.8504404796665
"Region1","OTH_ALL_EL_001","OTH_EN",2024,13.3773085393328
"Region1","OTH_ALL_EL_001","OTH_EN",2025,13.9257781894454
"Region1","OTH_ALL_EL_001","OTH_EN",2026,14.4967350952127
"Region1","OTH_ALL_EL_001","OTH_EN",2027,15.0911012341164
"Region1","OTH_ALL_EL_001","OTH_EN",2028,15.7098363847152
"Region1","OTH_ALL_EL_001","OTH_EN",2029,16.3539396764885
"Region1","OTH_ALL_EL_001","OTH_EN",2030,17.0244512032246
"Region1","OTH_ALL_EL_001","OTH_EN",2031,17.7224537025568
"Region1","OTH_ALL_EL_001","OTH_EN",2032,18.4490743043616
"Region1","OTH_ALL_EL_001","OTH_EN",2033,19.2054863508404
"Region1","OTH_ALL_EL_001","OTH_EN",2034,19.9929112912249
"Region1","OTH_ALL_EL_001","OTH_EN",2035,20.8126206541651
"Region1","OTH_ALL_OILPRD_001","OTH_EN",2018,85.50911049
"Region1","OTH_ALL_OILPRD_001","OTH_EN",2019,84.0171179856015
"Region1","OTH_ALL_OILPRD_001","OTH_EN",2020,82.2590412811086
"Region1","OTH_ALL_OILPRD_001","OTH_EN",2021,80.2155695115135
"Region1","OTH_ALL_OILPRD_001","OTH_EN",2022,77.8662556084181
"Region1","OTH_ALL_OILPRD_001","OTH_EN",2023,75.18945559292
"Region1","OTH_ALL_OILPRD_001","OTH_EN",2024,72.1622648004733
"Region1","OTH_ALL_OILPRD_001","OTH_EN",2025,68.7604508881942
"Region1","OTH_ALL_OILPRD_001","OTH_EN",2026,64.9583834679787
"Region1","OTH_ALL_OILPRD_001","OTH_EN",2027,60.7289602013625
"Region1","OTH_ALL_OILPRD_001","OTH_EN",2028,56.0435291842741
"Region1","OTH_ALL_OILPRD_001","OTH_EN",2029,50.8718074416859
"Region1","OTH_ALL_OILPRD_001","OTH_EN",2030,45.1817953436468
"Region1","OTH_ALL_OILPRD_001","OTH_EN",2031,47.1103520475182
"Region1","OTH_ALL_OILPRD_001","OTH_EN",2032,49.0418764814665
"Region1","OTH_ALL_OILPRD_001","OTH_EN",2033,51.0525934172066
"Region1","OTH_ALL_OILPRD_001","OTH_EN",2034,53.1457497473121
"Region1","OTH_ALL_OILPRD_001","OTH_EN",2035,55.3247254869518
"Region1","PWR_BIO_001","ELC_001",2018,3.6
"Region1","PWR_BIO_001","ELC_001",2019,11.16
"Region1","PWR_BIO_001","ELC_001",2020,12.24
"Region1","PWR_BIO_001","ELC_001",2021,68.110948224
"Region1","PWR_BIO_001","ELC_001",2022,65.588320512
"Region1","PWR_BIO_001","ELC_001",2023,63.0656928
"Region1","PWR_BIO_001","ELC_001",2024,60.543065088
"Region1","PWR_BIO_001","ELC_001",2025,58.020437376
"Region1","PWR_BIO_001","ELC_001",2026,55.497809664
"Region1","PWR_BIO_001","ELC_001",2027,52.975181952
"Region1","PWR_BIO_001","ELC_001",2028,50.45255424
"Region1","PWR_BIO_001","ELC_001",2029,47.929926528
"Region1","PWR_BIO_001","ELC_001",2030,45.407298816
"Region1","PWR_BIO_001","ELC_001",2031,42.884671104
"Region1","PWR_BIO_001","ELC_001",2032,40.362043392
"Region1","PWR_BIO_001","ELC_001",2033,37.83941568
"Region1","PWR_BIO_001","ELC_001",2034,23.544525312
"Region1","PWR_BIO_001","ELC_001",2035,21.862773504
"Region1","PWR_COA_001","ELC_001",2018,778.54440097368
"Region1","PWR_COA_001","ELC_001",2019,752.59917495576
"Region1","PWR_COA_001","ELC_001",2020,726.6271460184
"Region1","PWR_COA_001","ELC_001",2021,700.6283141616
"Region1","PWR_COA_001","ELC_001",2022,674.6294823048
"Region1","PWR_COA_001","ELC_001",2023,648.8986796424
"Region1","PWR_COA_001","ELC_001",2024,622.8998477856
"Region1","PWR_COA_001","ELC_001",2025,502.643288363074
"Region1","PWR_COA_001","ELC_001",2026,570.902184072
"Region1","PWR_COA_001","ELC_001",2027,544.9033522152
"Region1","PWR_COA_001","ELC_001",2028,518.9045203584
"Region1","PWR_COA_001","ELC_001",2029,493.173717696
"Region1","PWR_COA_001","ELC_001",2030,466.370798256
"Region1","PWR_COA_001","ELC_001",2031,442.24817076
"Region1","PWR_COA_001","ELC_001",2032,415.44525132
"Region1","PWR_COA_001","ELC_001",2033,388.64233188
"Region1","PWR_COA_001","ELC_001",2034,361.83941244
"Region1","PWR_COA_001","ELC_001",2035,337.716784944
"Region1","PWR_COA_002","ELC_001",2020,8.5984590368379
"Region1","PWR_COA_002","ELC_001",2021,39.5928337641143
"Region1","PWR_COA_002","ELC_001",2022,158.762508523991
"Region1","PWR_COA_002","ELC_001",2023,285.086406691312
"Region1","PWR_COA_002","ELC_001",2024,547.02078285096
"Region1","PWR_COA_002","ELC_001",2025,547.02078285096
"Region1","PWR_COA_002","ELC_001",2026,547.02078285096
"Region1","PWR_COA_002","ELC_001",2027,729.06621168744
"Region1","PWR_COA_002","ELC_001",2028,790.241143174781
"Region1","PWR_COA_002","ELC_001",2029,1013.98531613521
"Region1","PWR_COA_002","ELC_001",2030,1282.01451053521
"Region1","PWR_COA_002","ELC_001",2031,1546.12066756305
"Region1","PWR_COA_002","ELC_001",2032,1814.14986196305
"Region1","PWR_COA_002","ELC_001",2033,2082.17905636305
"Region1","PWR_COA_002","ELC_001",2034,2350.20825076305
"Region1","PWR_COA_002","ELC_001",2035,2618.23744516305
"Region1","PWR_COA_003","ELC_001",2021,22.5144523296
"Region1","PWR_COA_003","ELC_001",2022,54.6779556576
"Region1","PWR_COA_003","ELC_001",2023,55.6690364812458
"Region1","PWR_COA_003","ELC_001",2024,55.6690364812458
"Region1","PWR_COA_003","ELC_001",2025,55.6690364812458
"Region1","PWR_COA_003","ELC_001",2026,90.9194532611119
"Region1","PWR_COA_003","ELC_001",2027,119.495401490217
"Region1","PWR_COA_003","ELC_001",2028,152.5086116136
"Region1","PWR_COA_003","ELC_001",2029,152.5086116136
"Region1","PWR_COA_003","ELC_001",2030,152.5086116136
"Region1","PWR_COA_003","ELC_001",2031,152.5086116136
"Region1","PWR_COA_003","ELC_001",2032,152.5086116136
"Region1","PWR_COA_003","ELC_001",2033,152.5086116136
"Region1","PWR_COA_003","ELC_001",2034,152.5086116136
"Region1","PWR_COA_003","ELC_001",2035,152.5086116136
"Region1","PWR_GEO_001","ELC_001",2018,46.9476420998666
"Region1","PWR_GEO_001","ELC_001",2019,55.416770248752
"Region1","PWR_GEO_001","ELC_001",2020,53.9711153726976
"Region1","PWR_GEO_001","ELC_001",2021,52.2845180173008
"Region1","PWR_GEO_001","ELC_001",2022,50.8388631412464
"Region1","PWR_GEO_001","ELC_001",2023,80.2338456210192
"Region1","PWR_GEO_001","ELC_001",2024,126.976686613445
"Region1","PWR_GEO_001","ELC_001",2025,173.478585126528
"Region1","PWR_GEO_001","ELC_001",2026,172.032930250474
"Region1","PWR_GEO_001","ELC_001",2027,170.346332895077
"Region1","PWR_GEO_001","ELC_001",2028,187.392020489533
"Region1","PWR_GEO_001","ELC_001",2029,233.893919002616
"Region1","PWR_GEO_001","ELC_001",2030,269.945077728128
"Region1","PWR_GEO_001","ELC_001",2031,309.237057395734
"Region1","PWR_GEO_001","ELC_001",2032,329.107055384149
"Region1","PWR_GEO_001","ELC_001",2033,361.4137190136
"Region1","PWR_GEO_001","ELC_001",2034,361.4137190136
"Region1","PWR_GEO_001","ELC_001",2035,361.4137190136
"Region1","PWR_HYD_001","ELC_001",2018,62.979923457792
"Region1","PWR_HYD_001","ELC_001",2019,61.75392638976
"Region1","PWR_HYD_001","ELC_001",2020,60.50522567232
"Region1","PWR_HYD_001","ELC_001",2021,59.25652495488
"Region1","PWR_HYD_001","ELC_001",2022,57.8943059904
"Region1","PWR_HYD_001","ELC_001",2023,56.64560527296
"Region1","PWR_HYD_001","ELC_001",2024,78.3275904576
"Region1","PWR_HYD_001","ELC_001",2025,77.07888974016
"Region1","PWR_HYD_001","ELC_001",2026,75.83018902272
"Region1","PWR_HYD_001","ELC_001",2027,74.58148830528
"Region1","PWR_HYD_001","ELC_001",2028,73.33278758784
"Region1","PWR_HYD_001","ELC_001",2029,72.0840868704
"Region1","PWR_HYD_001","ELC_001",2030,70.83538615296
"Region1","PWR_HYD_001","ELC_001",2031,69.58668543552
"Region1","PWR_HYD_001","ELC_001",2032,100.562231970337
"Region1","PWR_HYD_001","ELC_001",2033,156.072654772897
"Region1","PWR_HYD_001","ELC_001",2034,211.583077575457
"Region1","PWR_HYD_001","ELC_001",2035,267.093500378017
"Region1","PWR_NGS_001","ELC_001",2018,133.026167643287
"Region1","PWR_NGS_001","ELC_001",2019,194.562181920335
"Region1","PWR_NGS_001","ELC_001",2020,276.6061286208
"Region1","PWR_NGS_001","ELC_001",2021,264.5448148728
"Region1","PWR_NGS_001","ELC_001",2022,226.549027210988
"Region1","PWR_NGS_001","ELC_001",2023,187.16226002488
"Region1","PWR_NGS_001","ELC_001",2024,146.317282969163
"Region1","PWR_NGS_001","ELC_001",2025,369.159131672546
"Region1","PWR_NGS_001","ELC_001",2026,434.79061699487
"Region1","PWR_NGS_001","ELC_001",2027,455.967685726316
"Region1","PWR_NGS_001","ELC_001",2028,415.871049845237
"Region1","PWR_NGS_001","ELC_001",2029,424.178577721877
"Region1","PWR_NGS_001","ELC_001",2030,377.737051931587
"Region1","PWR_NGS_001","ELC_001",2031,343.88694761661
"Region1","PWR_NGS_001","ELC_001",2032,307.610816142879
"Region1","PWR_NGS_001","ELC_001",2033,317.275113997627
"Region1","PWR_NGS_001","ELC_001",2034,326.129777681761
"Region1","PWR_NGS_001","ELC_001",2035,360.162533095311
"Region1","PWR_NGS_002","ELC_001",2029,2.75209322895195
"Region1","PWR_NGS_002","ELC_001",2033,9.21786356096903
"Region1","PWR_NGS_002","ELC_001",2034,17.2908860544002
"Region1","PWR_NGS_002","ELC_001",2035,19.4652932544004
"Region1","PWR_OILPRD_001","ELC_001",2018,40.0000000000001
"Region1","PWR_OILPRD_001","ELC_001",2019,35
"Region1","PWR_OILPRD_001","ELC_001",2020,27
"Region1","PWR_OILPRD_001","ELC_001",2021,20
"Region1","PWR_OILPRD_001","ELC_001",2022,9.99999999999999
"Region1","PWR_SOL_003","ELC_002",2019,1.321129764
"Region1","PWR_SOL_003","ELC_002",2020,3.963389292
"Region1","PWR_SOL_003","ELC_002",2021,9.247908348
"Region1","PWR_SOL_003","ELC_002",2022,14.532427404
"Region1","PWR_SOL_003","ELC_002",2023,19.81694646
"Region1","PWR_SOL_003","ELC_002",2024,25.101465516
"Region1","PWR_SOL_003","ELC_002",2025,38.312763156
"Region1","PWR_SOL_003","ELC_002",2026,51.524060796
"Region1","PWR_SOL_003","ELC_002",2027,64.735358436
"Region1","PWR_SOL_003","ELC_002",2028,77.946656076
"Region1","PWR_SOL_003","ELC_002",2029,91.157953716
"Region1","PWR_SOL_003","ELC_002",2030,117.580548996
"Region1","PWR_SOL_003","ELC_002",2031,144.003144276
"Region1","PWR_SOL_003","ELC_002",2032,170.425739556
"Region1","PWR_SOL_003","ELC_002",2033,196.848334836
"Region1","PWR_SOL_003","ELC_002",2034,223.270930116
"Region1","PWR_SOL_003","ELC_002",2035,249.693525396
"Region1","PWR_SOL_E001","ELC_001",2018,0.95121343008
"Region1","PWR_SOL_E001","ELC_001",2019,0.95121343008
"Region1","PWR_SOL_E001","ELC_001",2020,1.37397495456
"Region1","PWR_SOL_E001","ELC_001",2021,1.37397495456
"Region1","PWR_SOL_E001","ELC_001",2022,1.37397495456
"Region1","PWR_SOL_E001","ELC_001",2023,6.65849401056
"Region1","PWR_SOL_E001","ELC_001",2024,11.94301306656
"Region1","PWR_SOL_E001","ELC_001",2025,25.15431070656
"Region1","PWR_SOL_E001","ELC_001",2026,38.36560834656
"Region1","PWR_SOL_E001","ELC_001",2027,51.57690598656
"Region1","PWR_SOL_E001","ELC_001",2028,64.78820362656
"Region1","PWR_SOL_E001","ELC_001",2029,77.99950126656
"Region1","PWR_SOL_E001","ELC_001",2030,104.42209654656
"Region1","PWR_SOL_E001","ELC_001",2031,130.84469182656
"Region1","PWR_SOL_E001","ELC_001",2032,157.26728710656
"Region1","PWR_SOL_E001","ELC_001",2033,183.68988238656
"Region1","PWR_SOL_E001","ELC_001",2034,210.11247766656
"Region1","PWR_SOL_E001","ELC_001",2035,236.53507294656
"Region1","PWR_TRN_001","ELC_002",2018,960.882121442997
"Region1","PWR_TRN_001","ELC_002",2019,1008.57030722272
"Region1","PWR_TRN_001","ELC_002",2020,1061.17146646166
"Region1","PWR_TRN_001","ELC_002",2021,1119.36859030532
"Region1","PWR_TRN_001","ELC_002",2022,1186.19800562153
"Region1","PWR_TRN_001","ELC_002",2023,1263.2923800634
"Region1","PWR_TRN_001","ELC_002",2024,1509.44019636799
"Region1","PWR_TRN_001","ELC_002",2025,1680.6686826127
"Region1","PWR_TRN_001","ELC_002",2026,1871.3534503256
"Region1","PWR_TRN_001","ELC_002",2027,2094.04090573772
"Region1","PWR_TRN_001","ELC_002",2028,2173.47383646867
"Region1","PWR_TRN_001","ELC_002",2029,2449.90906077039
"Region1","PWR_TRN_001","ELC_002",2030,2736.73299081735
"Region1","PWR_TRN_001","ELC_002",2031,3044.13025144913
"Region1","PWR_TRN_001","ELC_002",2032,3360.66126683652
"Region1","PWR_TRN_001","ELC_002",2033,3764.39049423369
"Region1","PWR_TRN_001","ELC_002",2034,4126.82624992484
"Region1","PWR_TRN_001","ELC_002",2035,4523.13983822274
"Region1","PWR_WND_E001","ELC_001",2018,1.597453998624
"Region1","PWR_WND_E001","ELC_001",2019,1.76899268304
"Region1","PWR_WND_E001","ELC_001",2020,1.76899268304
"Region1","PWR_WND_E001","ELC_001",2021,1.76899268304
"Region1","PWR_WND_E001","ELC_001",2022,1.76899268304
"Region1","PWR_WND_E001","ELC_001",2023,1.76899268304
"Region1","PWR_WND_E001","ELC_001",2024,1.76899268304
"Region1","PWR_WND_E001","ELC_001",2025,28.57191212304
"Region1","PWR_WND_E001","ELC_001",2026,55.37483156304
"Region1","PWR_WND_E001","ELC_001",2027,82.17775100304
"Region1","PWR_WND_E001","ELC_001",2028,108.98067044304
"Region1","PWR_WND_E001","ELC_001",2029,135.78358988304
"Region1","PWR_WND_E001","ELC_001",2030,189.38942876304
"Region1","PWR_WND_E001","ELC_001",2031,242.99526764304
"Region1","PWR_WND_E001","ELC_001",2032,296.60110652304
"Region1","PWR_WND_E001","ELC_001",2033,350.20694540304
"Region1","PWR_WND_E001","ELC_001",2034,403.81278428304
"Region1","PWR_WND_E001","ELC_001",2035,457.41862316304
"Region1","RES_CWH_BIO_001","RES_CWH",2018,410.9695091
"Region1","RES_CWH_BIO_001","RES_CWH",2019,466.704803086
"Region1","RES_CWH_BIO_001","RES_CWH",2020,523.325352986
"Region1","RES_CWH_BIO_001","RES_CWH",2021,580.861232286
"Region1","RES_CWH_BIO_001","RES_CWH",2022,639.343535687
"Region1","RES_CWH_BIO_001","RES_CWH",2023,698.804414847
"Region1","RES_CWH_BIO_001","RES_CWH",2024,602.993711392374
"Region1","RES_CWH_BIO_001","RES_CWH",2025,600.798328531255
"Region1","RES_CWH_BIO_001","RES_CWH",2026,595.220451691462
"Region1","RES_CWH_BIO_001","RES_CWH",2027,585.80783398777
"Region1","RES_CWH_BIO_001","RES_CWH",2028,725.012777959698
"Region1","RES_CWH_BIO_001","RES_CWH",2029,720.178920636334
"Region1","RES_CWH_BIO_001","RES_CWH",2030,714.591268396098
"Region1","RES_CWH_BIO_001","RES_CWH",2031,691.41596716221
"Region1","RES_CWH_BIO_001","RES_CWH",2032,685.168482500039
"Region1","RES_CWH_BIO_001","RES_CWH",2033,689.912791514412
"Region1","RES_CWH_BIO_001","RES_CWH",2034,689.054547360794
"Region1","RES_CWH_BIO_001","RES_CWH",2035,677.773150255999
"Region1","RES_CWH_EL_001","RES_CWH",2018,163.087828185
"Region1","RES_CWH_EL_001","RES_CWH",2019,149.4971758
"Region1","RES_CWH_EL_001","RES_CWH",2020,135.9065235
"Region1","RES_CWH_EL_001","RES_CWH",2021,122.3158711
"Region1","RES_CWH_EL_001","RES_CWH",2022,108.7252188
"Region1","RES_CWH_EL_001","RES_CWH",2023,95.13456644
"Region1","RES_CWH_EL_001","RES_CWH",2024,237.827315600626
"Region1","RES_CWH_EL_001","RES_CWH",2025,287.950936112745
"Region1","RES_CWH_EL_001","RES_CWH",2026,342.538782903538
"Region1","RES_CWH_EL_001","RES_CWH",2027,402.07985145923
"Region1","RES_CWH_EL_001","RES_CWH",2028,314.159833337302
"Region1","RES_CWH_EL_001","RES_CWH",2029,371.474381512666
"Region1","RES_CWH_EL_001","RES_CWH",2030,430.779109603902
"Region1","RES_CWH_EL_001","RES_CWH",2031,492.86415383779
"Region1","RES_CWH_EL_001","RES_CWH",2032,539.343197499961
"Region1","RES_CWH_EL_001","RES_CWH",2033,576.197167485589
"Region1","RES_CWH_EL_001","RES_CWH",2034,620.066837639206
"Region1","RES_CWH_EL_001","RES_CWH",2035,675.820816744001
"Region1","RES_CWH_KER_001","RES_CWH",2018,19.67690101
"Region1","RES_CWH_KER_001","RES_CWH",2019,18.03715926
"Region1","RES_CWH_KER_001","RES_CWH",2020,16.39741751
"Region1","RES_CWH_KER_001","RES_CWH",2021,14.75767576
"Region1","RES_CWH_KER_001","RES_CWH",2022,13.11793401
"Region1","RES_CWH_KER_001","RES_CWH",2023,11.47819226
"Region1","RES_CWH_KER_001","RES_CWH",2024,9.838450505
"Region1","RES_CWH_KER_001","RES_CWH",2025,8.198708754
"Region1","RES_CWH_KER_001","RES_CWH",2026,6.558967003
"Region1","RES_CWH_KER_001","RES_CWH",2027,4.919225252
"Region1","RES_CWH_KER_001","RES_CWH",2028,3.279483502
"Region1","RES_CWH_KER_001","RES_CWH",2029,1.639741751
"Region1","RES_CWH_LPG_001","RES_CWH",2018,172.8967338
"Region1","RES_CWH_LPG_001","RES_CWH",2019,158.4886726
"Region1","RES_CWH_LPG_001","RES_CWH",2020,144.0806115
"Region1","RES_CWH_LPG_001","RES_CWH",2021,129.6725503
"Region1","RES_CWH_LPG_001","RES_CWH",2022,115.2644892
"Region1","RES_CWH_LPG_001","RES_CWH",2023,100.856428
"Region1","RES_CWH_LPG_001","RES_CWH",2024,86.4483669
"Region1","RES_CWH_LPG_001","RES_CWH",2025,72.04030575
"Region1","RES_CWH_LPG_001","RES_CWH",2026,57.6322446
"Region1","RES_CWH_LPG_001","RES_CWH",2027,43.22418345
"Region1","RES_CWH_LPG_001","RES_CWH",2028,28.8161223
"Region1","RES_CWH_LPG_001","RES_CWH",2029,14.40806115
"Region1","RES_CWH_NGS_001","RES_CWH",2018,0.454991405
"Region1","RES_CWH_NGS_001","RES_CWH",2019,0.417075454
"Region1","RES_CWH_NGS_001","RES_CWH",2020,0.379159504000004
"Region1","RES_CWH_NGS_001","RES_CWH",2021,0.341243554000005
"Region1","RES_CWH_NGS_001","RES_CWH",2022,0.303327602999995
"Region1","RES_CWH_NGS_001","RES_CWH",2023,0.265411652999999
"Region1","RES_CWH_NGS_001","RES_CWH",2024,0.227495701999998
"Region1","RES_CWH_NGS_001","RES_CWH",2025,0.189579752000004
"Region1","RES_CWH_NGS_001","RES_CWH",2026,0.151663802000003
"Region1","RES_CWH_NGS_001","RES_CWH",2027,0.113747850999997
"Region1","RES_CWH_NGS_001","RES_CWH",2028,0.0758319010000178
"Region1","RES_CWH_NGS_001","RES_CWH",2029,0.0379159500000079
"Region1","RES_EL_APP_001","RES_ELC_APP",2018,228.43
"Region1","RES_EL_APP_001","RES_ELC_APP",2019,251.93
"Region1","RES_EL_APP_001","RES_ELC_APP",2020,277.85
"Region1","RES_EL_APP_001","RES_ELC_APP",2021,306.44
"Region1","RES_EL_APP_001","RES_ELC_APP",2022,337.96
"Region1","RES_EL_APP_001","RES_ELC_APP",2023,372.73
"Region1","RES_EL_APP_001","RES_ELC_APP",2024,411.07
"Region1","RES_EL_APP_001","RES_ELC_APP",2025,453.36
"Region1","RES_EL_APP_001","RES_ELC_APP",2026,500
"Region1","RES_EL_APP_001","RES_ELC_APP",2027,551.44
"Region1","RES_EL_APP_001","RES_ELC_APP",2028,608.17
"Region1","RES_EL_APP_001","RES_ELC_APP",2029,670.74
"Region1","RES_EL_APP_001","RES_ELC_APP",2030,739.74
"Region1","RES_EL_APP_001","RES_ELC_APP",2031,815.84
"Region1","RES_EL_APP_001","RES_ELC_APP",2032,899.77
"Region1","RES_EL_APP_001","RES_ELC_APP",2033,992.34
"Region1","RES_EL_APP_001","RES_ELC_APP",2034,1094.43
"Region1","RES_EL_APP_001","RES_ELC_APP",2035,1207.02
"Region1","TRA_BUS","TRA_LAND_PSNG",2018,1676721.822
"Region1","TRA_BUS","TRA_LAND_PSNG",2019,1756786.464
"Region1","TRA_BUS","TRA_LAND_PSNG",2020,1843832.604
"Region1","TRA_BUS","TRA_LAND_PSNG",2021,1935186.071
"Region1","TRA_BUS","TRA_LAND_PSNG",2022,2031059.746
"Region1","TRA_BUS","TRA_LAND_PSNG",2023,2131677.016
"Region1","TRA_BUS","TRA_LAND_PSNG",2024,2237272.297
"Region1","TRA_BUS","TRA_LAND_PSNG",2025,2348091.577
"Region1","TRA_BUS","TRA_LAND_PSNG",2026,2464392.982
"Region1","TRA_BUS","TRA_LAND_PSNG",2027,2586447.382
"Region1","TRA_BUS","TRA_LAND_PSNG",2028,2714539.013
"Region1","TRA_BUS","TRA_LAND_PSNG",2029,2848966.14
"Region1","TRA_BUS","TRA_LAND_PSNG",2030,2990041.746
"Region1","TRA_BUS","TRA_LAND_PSNG",2031,3138094.257
"Region1","TRA_BUS","TRA_LAND_PSNG",2032,3293468.31
"Region1","TRA_BUS","TRA_LAND_PSNG",2033,3456525.541
"Region1","TRA_BUS","TRA_LAND_PSNG",2034,3627645.432
"Region1","TRA_BUS","TRA_LAND_PSNG",2035,3807226.187
"Region1","TRA_BUS_BIODSL_001","TRA_BUS",2018,1056396.76071
"Region1","TRA_BUS_BIODSL_001","TRA_BUS",2019,1429894.75644
"Region1","TRA_BUS_BIODSL_001","TRA_BUS",2020,1837938.1935
"Region1","TRA_BUS_BIODSL_001","TRA_BUS",2021,1921167.07304
"Region1","TRA_BUS_BIODSL_001","TRA_BUS",2022,2000430.00928
"Region1","TRA_BUS_BIODSL_001","TRA_BUS",2023,2075562.02806
"Region1","TRA_BUS_BIODSL_001","TRA_BUS",2024,2142033.42184
"Region1","TRA_BUS_BIODSL_001","TRA_BUS",2025,2192756.51206
"Region1","TRA_BUS_BIODSL_001","TRA_BUS",2026,2216693.55442
"Region1","TRA_BUS_BIODSL_001","TRA_BUS",2027,2196706.85995
"Region1","TRA_BUS_BIODSL_001","TRA_BUS",2028,2220922.29817
"Region1","TRA_BUS_BIODSL_001","TRA_BUS",2029,2158810.15789904
"Region1","TRA_BUS_BIODSL_001","TRA_BUS",2030,2086302.2912972
"Region1","TRA_BUS_BIODSL_001","TRA_BUS",2031,2002878.63991455
"Region1","TRA_BUS_BIODSL_001","TRA_BUS",2032,1932112.70886682
"Region1","TRA_BUS_BIODSL_001","TRA_BUS",2033,1862851.00301575
"Region1","TRA_BUS_BIODSL_001","TRA_BUS",2034,1714366.33400647
"Region1","TRA_BUS_BIODSL_001","TRA_BUS",2035,1565119.2337749
"Region1","TRA_BUS_DSL_001","TRA_BUS",2018,620325.06129
"Region1","TRA_BUS_DSL_001","TRA_BUS",2019,324973.4994
"Region1","TRA_BUS_ELC_001","TRA_BUS",2019,1918.20816
"Region1","TRA_BUS_ELC_001","TRA_BUS",2020,5894.4105
"Region1","TRA_BUS_ELC_001","TRA_BUS",2021,14018.99796
"Region1","TRA_BUS_ELC_001","TRA_BUS",2022,30629.73672
"Region1","TRA_BUS_ELC_001","TRA_BUS",2023,56114.98794
"Region1","TRA_BUS_ELC_001","TRA_BUS",2024,95238.87516
"Region1","TRA_BUS_ELC_001","TRA_BUS",2025,155335.06494
"Region1","TRA_BUS_ELC_001","TRA_BUS",2026,247699.42758
"Region1","TRA_BUS_ELC_001","TRA_BUS",2027,389740.52205
"Region1","TRA_BUS_ELC_001","TRA_BUS",2028,493616.714829998
"Region1","TRA_BUS_ELC_001","TRA_BUS",2029,690155.98210096
"Region1","TRA_BUS_ELC_001","TRA_BUS",2030,903739.454702795
"Region1","TRA_BUS_ELC_001","TRA_BUS",2031,1135215.61708545
"Region1","TRA_BUS_ELC_001","TRA_BUS",2032,1361355.60113318
"Region1","TRA_BUS_ELC_001","TRA_BUS",2033,1593674.53798425
"Region1","TRA_BUS_ELC_001","TRA_BUS",2034,1913279.09799353
"Region1","TRA_BUS_ELC_001","TRA_BUS",2035,2242106.9532251
"Region1","TRA_CAR","TRA_LAND_PSNG",2018,365428.9603
"Region1","TRA_CAR","TRA_LAND_PSNG",2019,382878.4492
"Region1","TRA_CAR","TRA_LAND_PSNG",2020,399220.0611
"Region1","TRA_CAR","TRA_LAND_PSNG",2021,416249.3074
"Region1","TRA_CAR","TRA_LAND_PSNG",2022,433994.5971
"Region1","TRA_CAR","TRA_LAND_PSNG",2023,452485.4846
"Region1","TRA_CAR","TRA_LAND_PSNG",2024,471752.714
"Region1","TRA_CAR","TRA_LAND_PSNG",2025,491828.2652
"Region1","TRA_CAR","TRA_LAND_PSNG",2026,512745.4026
"Region1","TRA_CAR","TRA_LAND_PSNG",2027,534538.7237
"Region1","TRA_CAR","TRA_LAND_PSNG",2028,557244.2117
"Region1","TRA_CAR","TRA_LAND_PSNG",2029,580899.2881
"Region1","TRA_CAR","TRA_LAND_PSNG",2030,605542.8686
"Region1","TRA_CAR","TRA_LAND_PSNG",2031,631215.4199
"Region1","TRA_CAR","TRA_LAND_PSNG",2032,657959.0198
"Region1","TRA_CAR","TRA_LAND_PSNG",2033,685817.4182
"Region1","TRA_CAR","TRA_LAND_PSNG",2034,714836.1008
"Region1","TRA_CAR","TRA_LAND_PSNG",2035,745062.3559
"Region1","TRA_CAR_BIODSL_001","TRA_CAR",2018,16602.143
"Region1","TRA_CAR_BIODSL_001","TRA_CAR",2019,25488.4509
"Region1","TRA_CAR_BIODSL_001","TRA_CAR",2020,34161.5835
"Region1","TRA_CAR_BIODSL_001","TRA_CAR",2021,51630.8364
"Region1","TRA_CAR_BIODSL_001","TRA_CAR",2022,74204.5788
"Region1","TRA_CAR_BIODSL_001","TRA_CAR",2023,109385.0604
"Region1","TRA_CAR_BIODSL_001","TRA_CAR",2024,152606.7378
"Region1","TRA_CAR_BIODSL_001","TRA_CAR",2025,196554.3426
"Region1","TRA_CAR_BIODSL_001","TRA_CAR",2026,195031.4949
"Region1","TRA_CAR_BIODSL_001","TRA_CAR",2027,193509.6471
"Region1","TRA_CAR_BIODSL_001","TRA_CAR",2028,191986.7994
"Region1","TRA_CAR_BIODSL_001","TRA_CAR",2029,190464.9516
"Region1","TRA_CAR_BIODSL_001","TRA_CAR",2030,184152.5829
"Region1","TRA_CAR_BIODSL_001","TRA_CAR",2031,179363.0619
"Region1","TRA_CAR_BIODSL_001","TRA_CAR",2032,170004.9978
"Region1","TRA_CAR_BIODSL_001","TRA_CAR",2033,155702.258448995
"Region1","TRA_CAR_BIODSL_001","TRA_CAR",2034,178917.821418995
"Region1","TRA_CAR_BIODSL_001","TRA_CAR",2035,203099.381048995
"Region1","TRA_CAR_BIOGSL_001","TRA_CAR",2019,178296.50944
"Region1","TRA_CAR_BIOGSL_001","TRA_CAR",2020,327184.06542
"Region1","TRA_CAR_BIOGSL_001","TRA_CAR",2021,304439.58949
"Region1","TRA_CAR_BIOGSL_001","TRA_CAR",2022,289972.60074
"Region1","TRA_CAR_BIOGSL_001","TRA_CAR",2023,263495.3855
"Region1","TRA_CAR_BIOGSL_001","TRA_CAR",2024,229598.03189
"Region1","TRA_CAR_BIOGSL_001","TRA_CAR",2025,163303.62095
"Region1","TRA_CAR_BIOGSL_001","TRA_CAR",2026,166802.973258872
"Region1","TRA_CAR_BIOGSL_001","TRA_CAR",2027,179670.087068872
"Region1","TRA_CAR_BIOGSL_001","TRA_CAR",2028,199377.483668216
"Region1","TRA_CAR_BIOGSL_001","TRA_CAR",2029,213734.090008217
"Region1","TRA_CAR_BIOGSL_001","TRA_CAR",2030,227562.453377872
"Region1","TRA_CAR_BIOGSL_001","TRA_CAR",2031,262469.881097872
"Region1","TRA_CAR_BIOGSL_001","TRA_CAR",2032,266263.940338
"Region1","TRA_CAR_DSL_001","TRA_CAR",2018,1826.8173
"Region1","TRA_CAR_DSL_001","TRA_CAR",2019,836.9163
"Region1","TRA_CAR_ELC_001","TRA_CAR",2021,3313.76859
"Region1","TRA_CAR_ELC_001","TRA_CAR",2022,3313.76859
"Region1","TRA_CAR_ELC_001","TRA_CAR",2023,3313.76859
"Region1","TRA_CAR_ELC_001","TRA_CAR",2024,3313.76859
"Region1","TRA_CAR_ELC_001","TRA_CAR",2025,35631.63648
"Region1","TRA_CAR_ELC_001","TRA_CAR",2026,44299.3966611279
"Region1","TRA_CAR_ELC_001","TRA_CAR",2027,44299.3966611279
"Region1","TRA_CAR_ELC_001","TRA_CAR",2028,38189.8989117834
"Region1","TRA_CAR_ELC_001","TRA_CAR",2029,38189.8989117834
"Region1","TRA_CAR_ELC_001","TRA_CAR",2030,44299.3966611279
"Region1","TRA_CAR_ELC_001","TRA_CAR",2031,44299.3966611279
"Region1","TRA_CAR_ELC_001","TRA_CAR",2032,80616.7004110001
"Region1","TRA_CAR_ELC_001","TRA_CAR",2033,392965.986040005
"Region1","TRA_CAR_ELC_001","TRA_CAR",2034,392965.986040005
"Region1","TRA_CAR_ELC_001","TRA_CAR",2035,392965.986040005
"Region1","TRA_CAR_GSL_001","TRA_CAR",2018,347000
"Region1","TRA_CAR_GSL_001","TRA_CAR",2019,159097.88862
"Region1","TRA_CAR_HYB_001","TRA_CAR",2019,9579.34197
"Region1","TRA_CAR_HYB_001","TRA_CAR",2020,18937.20609
"Region1","TRA_CAR_HYB_001","TRA_CAR",2021,28432.55646
"Region1","TRA_CAR_HYB_001","TRA_CAR",2022,28432.5564600004
"Region1","TRA_CAR_HYB_001","TRA_CAR",2023,28432.55646
"Region1","TRA_CAR_HYB_001","TRA_CAR",2024,28432.55646
"Region1","TRA_CAR_HYB_001","TRA_CAR",2025,28432.55646
"Region1","TRA_CAR_HYB_001","TRA_CAR",2026,28432.55646
"Region1","TRA_CAR_HYB_001","TRA_CAR",2027,28432.55646
"Region1","TRA_CAR_HYB_001","TRA_CAR",2028,28432.55646
"Region1","TRA_CAR_HYB_001","TRA_CAR",2029,28432.55646
"Region1","TRA_CAR_HYB_001","TRA_CAR",2030,28432.55646
"Region1","TRA_CAR_HYB_001","TRA_CAR",2031,18853.21449
"Region1","TRA_CAR_HYB_001","TRA_CAR",2032,9495.35037
"Region1","TRA_CAR_NGS_001","TRA_CAR",2019,9579.34197
"Region1","TRA_CAR_NGS_001","TRA_CAR",2020,18937.20609
"Region1","TRA_CAR_NGS_001","TRA_CAR",2021,28432.55646
"Region1","TRA_CAR_NGS_001","TRA_CAR",2022,38071.09251
"Region1","TRA_CAR_NGS_001","TRA_CAR",2023,47858.71365
"Region1","TRA_CAR_NGS_001","TRA_CAR",2024,57801.61926
"Region1","TRA_CAR_NGS_001","TRA_CAR",2025,67906.10871
"Region1","TRA_CAR_NGS_001","TRA_CAR",2026,78178.98132
"Region1","TRA_CAR_NGS_001","TRA_CAR",2027,88627.03641
"Region1","TRA_CAR_NGS_001","TRA_CAR",2028,99257.47326
"Region1","TRA_CAR_NGS_001","TRA_CAR",2029,110077.79112
"Region1","TRA_CAR_NGS_001","TRA_CAR",2030,121095.879201
"Region1","TRA_CAR_NGS_001","TRA_CAR",2031,126229.865751
"Region1","TRA_CAR_NGS_001","TRA_CAR",2032,131578.030881
"Region1","TRA_CAR_NGS_001","TRA_CAR",2033,137149.173711
"Region1","TRA_CAR_NGS_001","TRA_CAR",2034,142952.293341
"Region1","TRA_CAR_NGS_001","TRA_CAR",2035,148996.988811
"Region1","TRA_MCY","TRA_LAND_PSNG",2018,823745.0739
"Region1","TRA_MCY","TRA_LAND_PSNG",2019,863079.4784
"Region1","TRA_MCY","TRA_LAND_PSNG",2020,899916.5213
"Region1","TRA_MCY","TRA_LAND_PSNG",2021,938303.6205
"Region1","TRA_MCY","TRA_LAND_PSNG",2022,978304.8153
"Region1","TRA_MCY","TRA_LAND_PSNG",2023,1019986.727
"Region1","TRA_MCY","TRA_LAND_PSNG",2024,1063418.657
"Region1","TRA_MCY","TRA_LAND_PSNG",2025,1108672.696
"Region1","TRA_MCY","TRA_LAND_PSNG",2026,1155823.827
"Region1","TRA_MCY","TRA_LAND_PSNG",2027,1204950.04
"Region1","TRA_MCY","TRA_LAND_PSNG",2028,1256132.448
"Region1","TRA_MCY","TRA_LAND_PSNG",2029,1309455.405
"Region1","TRA_MCY","TRA_LAND_PSNG",2030,1365006.634
"Region1","TRA_MCY","TRA_LAND_PSNG",2031,1422877.356
"Region1","TRA_MCY","TRA_LAND_PSNG",2032,1483162.421
"Region1","TRA_MCY","TRA_LAND_PSNG",2033,1545960.45
"Region1","TRA_MCY","TRA_LAND_PSNG",2034,1611373.976
"Region1","TRA_MCY","TRA_LAND_PSNG",2035,1679509.596
"Region1","TRA_MCY_001","TRA_MCY",2018,823000
"Region1","TRA_MCY_BIOGSL_001","TRA_MCY",2018,745.07389999998
"Region1","TRA_MCY_BIOGSL_001","TRA_MCY",2019,861862.600100001
"Region1","TRA_MCY_BIOGSL_001","TRA_MCY",2020,896315.58143
"Region1","TRA_MCY_BIOGSL_001","TRA_MCY",2021,929872.76367
"Region1","TRA_MCY_BIOGSL_001","TRA_MCY",2022,960084.83748
"Region1","TRA_MCY_BIOGSL_001","TRA_MCY",2023,986881.43786
"Region1","TRA_MCY_BIOGSL_001","TRA_MCY",2024,1007670.53237
"Region1","TRA_MCY_BIOGSL_001","TRA_MCY",2025,1018468.247347
"Region1","TRA_MCY_BIOGSL_001","TRA_MCY",2026,1013166.79413
"Region1","TRA_MCY_BIOGSL_001","TRA_MCY",2027,982414.255804
"Region1","TRA_MCY_BIOGSL_001","TRA_MCY",2028,934300.367211475
"Region1","TRA_MCY_BIOGSL_001","TRA_MCY",2029,832673.28798
"Region1","TRA_MCY_BIOGSL_001","TRA_MCY",2030,720362.50486
"Region1","TRA_MCY_BIOGSL_001","TRA_MCY",2031,603222.92964
"Region1","TRA_MCY_BIOGSL_001","TRA_MCY",2032,482761.37111
"Region1","TRA_MCY_BIOGSL_001","TRA_MCY",2033,358814.07651
"Region1","TRA_MCY_BIOGSL_001","TRA_MCY",2034,233119.31525
"Region1","TRA_MCY_BIOGSL_001","TRA_MCY",2035,105605.10219
"Region1","TRA_MCY_EL_001","TRA_MCY",2019,1216.8783
"Region1","TRA_MCY_EL_001","TRA_MCY",2020,3600.93987
"Region1","TRA_MCY_EL_001","TRA_MCY",2021,8430.85683
"Region1","TRA_MCY_EL_001","TRA_MCY",2022,18219.97782
"Region1","TRA_MCY_EL_001","TRA_MCY",2023,33105.28914
"Region1","TRA_MCY_EL_001","TRA_MCY",2024,55748.12463
"Region1","TRA_MCY_EL_001","TRA_MCY",2025,90204.448653
"Region1","TRA_MCY_EL_001","TRA_MCY",2026,142657.03287
"Region1","TRA_MCY_EL_001","TRA_MCY",2027,222535.784196
"Region1","TRA_MCY_EL_001","TRA_MCY",2028,321832.080788525
"Region1","TRA_MCY_EL_001","TRA_MCY",2029,476782.11702
"Region1","TRA_MCY_EL_001","TRA_MCY",2030,644644.12914
"Region1","TRA_MCY_EL_001","TRA_MCY",2031,819654.42636
"Region1","TRA_MCY_EL_001","TRA_MCY",2032,1000401.04989
"Region1","TRA_MCY_EL_001","TRA_MCY",2033,1187146.37349
"Region1","TRA_MCY_EL_001","TRA_MCY",2034,1378254.66075
"Region1","TRA_MCY_EL_001","TRA_MCY",2035,1573904.49381
"Region1","TRA_PLANE_FREIGHT_001","TRA_AIR_FREIGHT",2018,1183.59
"Region1","TRA_PLANE_FREIGHT_001","TRA_AIR_FREIGHT",2019,1261.66454899997
"Region1","TRA_PLANE_FREIGHT_001","TRA_AIR_FREIGHT",2020,1344.88394300012
"Region1","TRA_PLANE_FREIGHT_001","TRA_AIR_FREIGHT",2021,1433.5924879999
"Region1","TRA_PLANE_FREIGHT_001","TRA_AIR_FREIGHT",2022,1035.65
"Region1","TRA_PLANE_FREIGHT_001","TRA_AIR_FREIGHT",2023,998.66
"Region1","TRA_PLANE_FREIGHT_001","TRA_AIR_FREIGHT",2024,961.67
"Region1","TRA_PLANE_FREIGHT_001","TRA_AIR_FREIGHT",2025,924.68
"Region1","TRA_PLANE_FREIGHT_001","TRA_AIR_FREIGHT",2026,1973.014411
"Region1","TRA_PLANE_FREIGHT_001","TRA_AIR_FREIGHT",2027,850.71
"Region1","TRA_PLANE_FREIGHT_001","TRA_AIR_FREIGHT",2028,2241.878508
"Region1","TRA_PLANE_FREIGHT_001","TRA_AIR_FREIGHT",2029,776.73
"Region1","TRA_PLANE_FREIGHT_001","TRA_AIR_FREIGHT",2030,739.75
"Region1","TRA_PLANE_FREIGHT_001","TRA_AIR_FREIGHT",2031,702.76
"Region1","TRA_PLANE_FREIGHT_001","TRA_AIR_FREIGHT",2032,665.77
"Region1","TRA_PLANE_FREIGHT_001","TRA_AIR_FREIGHT",2033,628.78
"Region1","TRA_PLANE_FREIGHT_001","TRA_AIR_FREIGHT",2034,591.8
"Region1","TRA_PLANE_FREIGHT_001","TRA_AIR_FREIGHT",2035,554.81
"Region1","TRA_PLANE_FREIGHT_BIO_001","TRA_AIR_FREIGHT",2018,0.00464600000039825
"Region1","TRA_PLANE_FREIGHT_BIO_001","TRA_AIR_FREIGHT",2022,492.502248000001
"Region1","TRA_PLANE_FREIGHT_BIO_001","TRA_AIR_FREIGHT",2023,630.289169999993
"Region1","TRA_PLANE_FREIGHT_BIO_001","TRA_AIR_FREIGHT",2024,774.724658
"Region1","TRA_PLANE_FREIGHT_BIO_001","TRA_AIR_FREIGHT",2025,926.247249000001
"Region1","TRA_PLANE_FREIGHT_BIO_001","TRA_AIR_FREIGHT",2027,1252.44444100003
"Region1","TRA_PLANE_FREIGHT_BIO_001","TRA_AIR_FREIGHT",2029,1613.02281399992
"Region1","TRA_PLANE_FREIGHT_BIO_001","TRA_AIR_FREIGHT",2030,1807.63091
"Region1","TRA_PLANE_FREIGHT_BIO_001","TRA_AIR_FREIGHT",2031,2012.646155
"Region1","TRA_PLANE_FREIGHT_BIO_001","TRA_AIR_FREIGHT",2032,2228.744345
"Region1","TRA_PLANE_FREIGHT_BIO_001","TRA_AIR_FREIGHT",2033,2456.656511
"Region1","TRA_PLANE_FREIGHT_BIO_001","TRA_AIR_FREIGHT",2034,2697.151903
"Region1","TRA_PLANE_FREIGHT_BIO_001","TRA_AIR_FREIGHT",2035,2951.081171
"Region1","TRA_PLANE_PSNG_001","TRA_AIR_PSNG",2018,122128.043
"Region1","TRA_PLANE_PSNG_001","TRA_AIR_PSNG",2019,130063.7156
"Region1","TRA_PLANE_PSNG_001","TRA_AIR_PSNG",2020,138515.0347
"Region1","TRA_PLANE_PSNG_001","TRA_AIR_PSNG",2021,147515.5062
"Region1","TRA_PLANE_PSNG_001","TRA_AIR_PSNG",2022,157100.813
"Region1","TRA_PLANE_PSNG_001","TRA_AIR_PSNG",2023,167308.9568
"Region1","TRA_PLANE_PSNG_001","TRA_AIR_PSNG",2024,159925.834362439
"Region1","TRA_PLANE_PSNG_001","TRA_AIR_PSNG",2025,159925.834362439
"Region1","TRA_PLANE_PSNG_001","TRA_AIR_PSNG",2026,202088.4381
"Region1","TRA_PLANE_PSNG_001","TRA_AIR_PSNG",2027,187639.14982464
"Region1","TRA_PLANE_PSNG_001","TRA_AIR_PSNG",2028,229204.418
"Region1","TRA_PLANE_PSNG_001","TRA_AIR_PSNG",2029,147496.538097386
"Region1","TRA_PLANE_PSNG_001","TRA_AIR_PSNG",2030,76330.02685
"Region1","TRA_PLANE_PSNG_001","TRA_AIR_PSNG",2031,72513.52551
"Region1","TRA_PLANE_PSNG_001","TRA_AIR_PSNG",2032,68697.02416
"Region1","TRA_PLANE_PSNG_001","TRA_AIR_PSNG",2033,64880.52282
"Region1","TRA_PLANE_PSNG_001","TRA_AIR_PSNG",2034,73333.7060341976
"Region1","TRA_PLANE_PSNG_001","TRA_AIR_PSNG",2035,57247.52014
"Region1","TRA_PLANE_PSNG_BIO_001","TRA_AIR_PSNG",2024,18254.573937561
"Region1","TRA_PLANE_PSNG_BIO_001","TRA_AIR_PSNG",2025,29832.434037561
"Region1","TRA_PLANE_PSNG_BIO_001","TRA_AIR_PSNG",2027,27580.6513753601
"Region1","TRA_PLANE_PSNG_BIO_001","TRA_AIR_PSNG",2029,96601.1934026143
"Region1","TRA_PLANE_PSNG_BIO_001","TRA_AIR_PSNG",2030,183628.76025
"Region1","TRA_PLANE_PSNG_BIO_001","TRA_AIR_PSNG",2031,204336.94159
"Region1","TRA_PLANE_PSNG_BIO_001","TRA_AIR_PSNG",2032,226142.71564
"Region1","TRA_PLANE_PSNG_BIO_001","TRA_AIR_PSNG",2033,249117.40208
"Region1","TRA_PLANE_PSNG_BIO_001","TRA_AIR_PSNG",2034,261067.270265802
"Region1","TRA_PLANE_PSNG_BIO_001","TRA_AIR_PSNG",2035,298882.26306
"Region1","TRA_RLW_FREIGHT_BIODSL_001","TRA_TRAIN_FREIGHT",2030,10567.092882
"Region1","TRA_RLW_FREIGHT_BIODSL_001","TRA_TRAIN_FREIGHT",2031,52078.5074673533
"Region1","TRA_RLW_FREIGHT_BIODSL_001","TRA_TRAIN_FREIGHT",2032,48998.5480000001
"Region1","TRA_RLW_FREIGHT_BIODSL_001","TRA_TRAIN_FREIGHT",2034,32353.5010266618
"Region1","TRA_RLW_FREIGHT_BIODSL_001","TRA_TRAIN_FREIGHT",2035,91166.4864066406
"Region1","TRA_RLW_FREIGHT_DSL_001","TRA_TRAIN_FREIGHT",2018,9065.64896
"Region1","TRA_RLW_FREIGHT_DSL_001","TRA_TRAIN_FREIGHT",2019,9349.390428
"Region1","TRA_RLW_FREIGHT_DSL_001","TRA_TRAIN_FREIGHT",2020,13202.31161
"Region1","TRA_RLW_FREIGHT_DSL_001","TRA_TRAIN_FREIGHT",2021,17287.2557000001
"Region1","TRA_RLW_FREIGHT_DSL_001","TRA_TRAIN_FREIGHT",2022,21614.9722999999
"Region1","TRA_RLW_FREIGHT_DSL_001","TRA_TRAIN_FREIGHT",2023,26196.65659
"Region1","TRA_RLW_FREIGHT_DSL_001","TRA_TRAIN_FREIGHT",2024,31043.9669
"Region1","TRA_RLW_FREIGHT_DSL_001","TRA_TRAIN_FREIGHT",2025,36169.0424000001
"Region1","TRA_RLW_FREIGHT_DSL_001","TRA_TRAIN_FREIGHT",2026,41584.5219000002
"Region1","TRA_RLW_FREIGHT_DSL_001","TRA_TRAIN_FREIGHT",2027,47303.56335
"Region1","TRA_RLW_FREIGHT_DSL_001","TRA_TRAIN_FREIGHT",2028,53339.8639000001
"Region1","TRA_RLW_FREIGHT_DSL_001","TRA_TRAIN_FREIGHT",2029,59707.6806
"Region1","TRA_RLW_FREIGHT_DSL_001","TRA_TRAIN_FREIGHT",2030,55854.759418
"Region1","TRA_RLW_FREIGHT_DSL_001","TRA_TRAIN_FREIGHT",2031,21419.3145326468
"Region1","TRA_RLW_FREIGHT_DSL_001","TRA_TRAIN_FREIGHT",2032,31953.1113799999
"Region1","TRA_RLW_FREIGHT_DSL_001","TRA_TRAIN_FREIGHT",2033,88800.088
"Region1","TRA_RLW_FREIGHT_DSL_001","TRA_TRAIN_FREIGHT",2034,64707.002053341
"Region1","TRA_RLW_FREIGHT_DSL_001","TRA_TRAIN_FREIGHT",2035,14584.5225933593
"Region1","TRA_RLW_PSNG_DSL_001","TRA_TRAIN_PSNG",2018,7413.586555
"Region1","TRA_RLW_PSNG_DSL_001","TRA_TRAIN_PSNG",2019,7181.911975
"Region1","TRA_RLW_PSNG_DSL_001","TRA_TRAIN_PSNG",2020,6950.237395
"Region1","TRA_RLW_PSNG_DSL_001","TRA_TRAIN_PSNG",2021,6718.562815
"Region1","TRA_RLW_PSNG_DSL_001","TRA_TRAIN_PSNG",2022,6486.888235
"Region1","TRA_RLW_PSNG_DSL_001","TRA_TRAIN_PSNG",2023,6255.213656
"Region1","TRA_RLW_PSNG_DSL_001","TRA_TRAIN_PSNG",2024,6023.539076
"Region1","TRA_RLW_PSNG_DSL_001","TRA_TRAIN_PSNG",2025,5791.864496
"Region1","TRA_RLW_PSNG_DSL_001","TRA_TRAIN_PSNG",2026,5560.189916
"Region1","TRA_RLW_PSNG_DSL_001","TRA_TRAIN_PSNG",2027,5328.515336
"Region1","TRA_RLW_PSNG_DSL_001","TRA_TRAIN_PSNG",2028,5096.840756
"Region1","TRA_RLW_PSNG_DSL_001","TRA_TRAIN_PSNG",2029,4865.166177
"Region1","TRA_RLW_PSNG_DSL_001","TRA_TRAIN_PSNG",2030,4633.49159700001
"Region1","TRA_RLW_PSNG_DSL_001","TRA_TRAIN_PSNG",2031,4401.817017
"Region1","TRA_RLW_PSNG_DSL_001","TRA_TRAIN_PSNG",2032,4170.142437
"Region1","TRA_RLW_PSNG_DSL_001","TRA_TRAIN_PSNG",2033,3938.46785700001
"Region1","TRA_RLW_PSNG_DSL_001","TRA_TRAIN_PSNG",2034,3706.79327700001
"Region1","TRA_RLW_PSNG_DSL_001","TRA_TRAIN_PSNG",2035,3475.118698
"Region1","TRA_RLW_PSNG_ELC_001","TRA_TRAIN_PSNG",2018,20044.1532450005
"Region1","TRA_RLW_PSNG_ELC_001","TRA_TRAIN_PSNG",2019,21586.9544250005
"Region1","TRA_RLW_PSNG_ELC_001","TRA_TRAIN_PSNG",2020,26350.7162050007
"Region1","TRA_RLW_PSNG_ELC_001","TRA_TRAIN_PSNG",2021,31481.7042850008
"Region1","TRA_RLW_PSNG_ELC_001","TRA_TRAIN_PSNG",2022,37004.6513650007
"Region1","TRA_RLW_PSNG_ELC_001","TRA_TRAIN_PSNG",2023,42945.8207440002
"Region1","TRA_RLW_PSNG_ELC_001","TRA_TRAIN_PSNG",2024,49333.0899240001
"Region1","TRA_RLW_PSNG_ELC_001","TRA_TRAIN_PSNG",2025,56196.041304
"Region1","TRA_RLW_PSNG_ELC_001","TRA_TRAIN_PSNG",2026,63566.0694839998
"Region1","TRA_RLW_PSNG_ELC_001","TRA_TRAIN_PSNG",2027,71476.4789639997
"Region1","TRA_RLW_PSNG_ELC_001","TRA_TRAIN_PSNG",2028,79962.601544001
"Region1","TRA_RLW_PSNG_ELC_001","TRA_TRAIN_PSNG",2029,89061.9107230004
"Region1","TRA_RLW_PSNG_ELC_001","TRA_TRAIN_PSNG",2030,98814.1448029988
"Region1","TRA_RLW_PSNG_ELC_001","TRA_TRAIN_PSNG",2031,109261.440083001
"Region1","TRA_RLW_PSNG_ELC_001","TRA_TRAIN_PSNG",2032,120448.466763001
"Region1","TRA_RLW_PSNG_ELC_001","TRA_TRAIN_PSNG",2033,132422.577943
"Region1","TRA_RLW_PSNG_ELC_001","TRA_TRAIN_PSNG",2034,145233.962923001
"Region1","TRA_RLW_PSNG_ELC_001","TRA_TRAIN_PSNG",2035,158935.805402
"Region1","TRA_SHIP_FREIGHT_001","TRA_SHIP_FREIGHT",2018,820321.3042
"Region1","TRA_SHIP_FREIGHT_001","TRA_SHIP_FREIGHT",2019,868889.9643
"Region1","TRA_SHIP_FREIGHT_001","TRA_SHIP_FREIGHT",2020,920334.2229
"Region1","TRA_SHIP_FREIGHT_001","TRA_SHIP_FREIGHT",2021,974824.3353
"Region1","TRA_SHIP_FREIGHT_001","TRA_SHIP_FREIGHT",2022,1032540.637
"Region1","TRA_SHIP_FREIGHT_001","TRA_SHIP_FREIGHT",2023,1093674.14
"Region1","TRA_SHIP_FREIGHT_001","TRA_SHIP_FREIGHT",2024,1158427.167
"Region1","TRA_SHIP_FREIGHT_001","TRA_SHIP_FREIGHT",2025,1227014.019
"Region1","TRA_SHIP_FREIGHT_001","TRA_SHIP_FREIGHT",2026,1299661.683
"Region1","TRA_SHIP_FREIGHT_001","TRA_SHIP_FREIGHT",2027,1376610.589
"Region1","TRA_SHIP_FREIGHT_001","TRA_SHIP_FREIGHT",2028,1458115.398
"Region1","TRA_SHIP_FREIGHT_001","TRA_SHIP_FREIGHT",2029,1544445.853
"Region1","TRA_SHIP_FREIGHT_001","TRA_SHIP_FREIGHT",2030,1527359.73422808
"Region1","TRA_SHIP_FREIGHT_001","TRA_SHIP_FREIGHT",2031,1363663.26265874
"Region1","TRA_SHIP_FREIGHT_001","TRA_SHIP_FREIGHT",2032,1155182.20180149
"Region1","TRA_SHIP_FREIGHT_001","TRA_SHIP_FREIGHT",2033,853066.165703307
"Region1","TRA_SHIP_FREIGHT_001","TRA_SHIP_FREIGHT",2034,557699.978397076
"Region1","TRA_SHIP_FREIGHT_001","TRA_SHIP_FREIGHT",2035,384525.6113
"Region1","TRA_SHIP_FREIGHT_BIO_001","TRA_SHIP_FREIGHT",2030,108527.929771923
"Region1","TRA_SHIP_FREIGHT_BIO_001","TRA_SHIP_FREIGHT",2031,369080.196341256
"Region1","TRA_SHIP_FREIGHT_BIO_001","TRA_SHIP_FREIGHT",2032,680151.580198509
"Region1","TRA_SHIP_FREIGHT_BIO_001","TRA_SHIP_FREIGHT",2033,1090931.99229669
"Region1","TRA_SHIP_FREIGHT_BIO_001","TRA_SHIP_FREIGHT",2034,1501396.23360292
"Region1","TRA_SHIP_FREIGHT_BIO_001","TRA_SHIP_FREIGHT",2035,1796483.2507
"Region1","TRA_SHIP_PSNG_001","TRA_SHIP_PSNG",2018,32053.25165
"Region1","TRA_SHIP_PSNG_001","TRA_SHIP_PSNG",2019,34356.87846
"Region1","TRA_SHIP_PSNG_001","TRA_SHIP_PSNG",2020,36826.06402
"Region1","TRA_SHIP_PSNG_001","TRA_SHIP_PSNG",2021,39472.70684
"Region1","TRA_SHIP_PSNG_001","TRA_SHIP_PSNG",2022,42309.56055
"Region1","TRA_SHIP_PSNG_001","TRA_SHIP_PSNG",2023,45350.29536
"Region1","TRA_SHIP_PSNG_001","TRA_SHIP_PSNG",2024,48609.56394
"Region1","TRA_SHIP_PSNG_001","TRA_SHIP_PSNG",2025,52103.07205
"Region1","TRA_SHIP_PSNG_001","TRA_SHIP_PSNG",2026,55847.65419
"Region1","TRA_SHIP_PSNG_001","TRA_SHIP_PSNG",2027,59861.35473
"Region1","TRA_SHIP_PSNG_001","TRA_SHIP_PSNG",2028,64163.51487
"Region1","TRA_SHIP_PSNG_001","TRA_SHIP_PSNG",2029,62177.5899672897
"Region1","TRA_SHIP_PSNG_001","TRA_SHIP_PSNG",2030,52338.0490698077
"Region1","TRA_SHIP_PSNG_001","TRA_SHIP_PSNG",2031,43952.9323456139
"Region1","TRA_SHIP_PSNG_001","TRA_SHIP_PSNG",2032,49486.6205089189
"Region1","TRA_SHIP_PSNG_001","TRA_SHIP_PSNG",2033,49486.6205089189
"Region1","TRA_SHIP_PSNG_001","TRA_SHIP_PSNG",2034,33359.2932812437
"Region1","TRA_SHIP_PSNG_001","TRA_SHIP_PSNG",2035,15024.96171
"Region1","TRA_SHIP_PSNG_BIO_001","TRA_SHIP_PSNG",2029,6597.27587271027
"Region1","TRA_SHIP_PSNG_BIO_001","TRA_SHIP_PSNG",2030,21379.5797201924
"Region1","TRA_SHIP_PSNG_BIO_001","TRA_SHIP_PSNG",2031,35062.6895443861
"Region1","TRA_SHIP_PSNG_BIO_001","TRA_SHIP_PSNG",2032,35207.754561081
"Region1","TRA_SHIP_PSNG_BIO_001","TRA_SHIP_PSNG",2033,41294.6325810811
"Region1","TRA_SHIP_PSNG_BIO_001","TRA_SHIP_PSNG",2034,63946.2940887562
"Region1","TRA_SHIP_PSNG_BIO_001","TRA_SHIP_PSNG",2035,89273.85559
"Region1","TRA_TRAIN_FREIGHT","TRA_LAND_FREIGHT",2018,9065.64896
"Region1","TRA_TRAIN_FREIGHT","TRA_LAND_FREIGHT",2019,9349.390428
"Region1","TRA_TRAIN_FREIGHT","TRA_LAND_FREIGHT",2020,13202.31161
"Region1","TRA_TRAIN_FREIGHT","TRA_LAND_FREIGHT",2021,17287.2557000001
"Region1","TRA_TRAIN_FREIGHT","TRA_LAND_FREIGHT",2022,21614.9722999999
"Region1","TRA_TRAIN_FREIGHT","TRA_LAND_FREIGHT",2023,26196.65659
"Region1","TRA_TRAIN_FREIGHT","TRA_LAND_FREIGHT",2024,31043.9669
"Region1","TRA_TRAIN_FREIGHT","TRA_LAND_FREIGHT",2025,36169.0424000001
"Region1","TRA_TRAIN_FREIGHT","TRA_LAND_FREIGHT",2026,41584.5219000002
"Region1","TRA_TRAIN_FREIGHT","TRA_LAND_FREIGHT",2027,47303.56335
"Region1","TRA_TRAIN_FREIGHT","TRA_LAND_FREIGHT",2028,53339.8639000001
"Region1","TRA_TRAIN_FREIGHT","TRA_LAND_FREIGHT",2029,59707.6806
"Region1","TRA_TRAIN_FREIGHT","TRA_LAND_FREIGHT",2030,66421.8523
"Region1","TRA_TRAIN_FREIGHT","TRA_LAND_FREIGHT",2031,73497.8220000001
"Region1","TRA_TRAIN_FREIGHT","TRA_LAND_FREIGHT",2032,80951.65938
"Region1","TRA_TRAIN_FREIGHT","TRA_LAND_FREIGHT",2033,88800.0880000001
"Region1","TRA_TRAIN_FREIGHT","TRA_LAND_FREIGHT",2034,97060.50308
"Region1","TRA_TRAIN_FREIGHT","TRA_LAND_FREIGHT",2035,105751.009
"Region1","TRA_TRAIN_PSNG","TRA_LAND_PSNG",2018,27457.7398000005
"Region1","TRA_TRAIN_PSNG","TRA_LAND_PSNG",2019,28768.8664000004
"Region1","TRA_TRAIN_PSNG","TRA_LAND_PSNG",2020,33300.9536000007
"Region1","TRA_TRAIN_PSNG","TRA_LAND_PSNG",2021,38200.2671000007
"Region1","TRA_TRAIN_PSNG","TRA_LAND_PSNG",2022,43491.5396000007
"Region1","TRA_TRAIN_PSNG","TRA_LAND_PSNG",2023,49201.0344000001
"Region1","TRA_TRAIN_PSNG","TRA_LAND_PSNG",2024,55356.6290000001
"Region1","TRA_TRAIN_PSNG","TRA_LAND_PSNG",2025,61987.9057999999
"Region1","TRA_TRAIN_PSNG","TRA_LAND_PSNG",2026,69126.2593999998
"Region1","TRA_TRAIN_PSNG","TRA_LAND_PSNG",2027,76804.9942999997
"Region1","TRA_TRAIN_PSNG","TRA_LAND_PSNG",2028,85059.4423000009
"Region1","TRA_TRAIN_PSNG","TRA_LAND_PSNG",2029,93927.0769000004
"Region1","TRA_TRAIN_PSNG","TRA_LAND_PSNG",2030,103447.6364
"Region1","TRA_TRAIN_PSNG","TRA_LAND_PSNG",2031,113663.257100001
"Region1","TRA_TRAIN_PSNG","TRA_LAND_PSNG",2032,124618.609200001
"Region1","TRA_TRAIN_PSNG","TRA_LAND_PSNG",2033,136361.0458
"Region1","TRA_TRAIN_PSNG","TRA_LAND_PSNG",2034,148940.756200001
"Region1","TRA_TRAIN_PSNG","TRA_LAND_PSNG",2035,162410.9241
"Region1","TRA_TRUCK","TRA_LAND_FREIGHT",2018,691812.0374
"Region1","TRA_TRUCK","TRA_LAND_FREIGHT",2019,713464.7358
"Region1","TRA_TRUCK","TRA_LAND_FREIGHT",2020,732234.8328
"Region1","TRA_TRUCK","TRA_LAND_FREIGHT",2021,751480.974
"Region1","TRA_TRUCK","TRA_LAND_FREIGHT",2022,771214.5714
"Region1","TRA_TRUCK","TRA_LAND_FREIGHT",2023,791447.2848
"Region1","TRA_TRUCK","TRA_LAND_FREIGHT",2024,812191.0262
"Region1","TRA_TRUCK","TRA_LAND_FREIGHT",2025,833457.9648
"Region1","TRA_TRUCK","TRA_LAND_FREIGHT",2026,855260.5305
"Region1","TRA_TRUCK","TRA_LAND_FREIGHT",2027,877611.4191
"Region1","TRA_TRUCK","TRA_LAND_FREIGHT",2028,900523.596
"Region1","TRA_TRUCK","TRA_LAND_FREIGHT",2029,924010.3015
"Region1","TRA_TRUCK","TRA_LAND_FREIGHT",2030,948085.0547
"Region1","TRA_TRUCK","TRA_LAND_FREIGHT",2031,972761.658
"Region1","TRA_TRUCK","TRA_LAND_FREIGHT",2032,998054.202
"Region1","TRA_TRUCK","TRA_LAND_FREIGHT",2033,1023977.069
"Region1","TRA_TRUCK","TRA_LAND_FREIGHT",2034,1050544.94
"Region1","TRA_TRUCK","TRA_LAND_FREIGHT",2035,1077772.796
"Region1","TRA_TRUCK_DSL_001","TRA_TRUCK",2018,691812.0374
"Region1","TRA_TRUCK_DSL_001","TRA_TRUCK",2019,670192.9112
"Region1","TRA_TRUCK_DSL_001","TRA_TRUCK",2020,648573.785
"Region1","TRA_TRUCK_DSL_001","TRA_TRUCK",2021,626954.6589
"Region1","TRA_TRUCK_DSL_001","TRA_TRUCK",2022,605335.5327
"Region1","TRA_TRUCK_DSL_001","TRA_TRUCK",2023,583716.4065
"Region1","TRA_TRUCK_DSL_001","TRA_TRUCK",2024,562097.2804
"Region1","TRA_TRUCK_DSL_001","TRA_TRUCK",2025,540478.1542
"Region1","TRA_TRUCK_DSL_001","TRA_TRUCK",2026,518859.028
"Region1","TRA_TRUCK_DSL_001","TRA_TRUCK",2027,497239.9018
"Region1","TRA_TRUCK_DSL_001","TRA_TRUCK",2028,475620.7757
"Region1","TRA_TRUCK_DSL_001","TRA_TRUCK",2029,454001.6495
"Region1","TRA_TRUCK_DSL_001","TRA_TRUCK",2030,432382.5233
"Region1","TRA_TRUCK_DSL_001","TRA_TRUCK",2031,410763.3972
"Region1","TRA_TRUCK_DSL_001","TRA_TRUCK",2032,389144.271
"Region1","TRA_TRUCK_DSL_001","TRA_TRUCK",2033,367525.1448
"Region1","TRA_TRUCK_DSL_001","TRA_TRUCK",2034,345906.0187
"Region1","TRA_TRUCK_DSL_001","TRA_TRUCK",2035,324286.8925
"Region1","TRA_TRUCK_NGS_001","TRA_TRUCK",2019,43271.8246000002
"Region1","TRA_TRUCK_NGS_001","TRA_TRUCK",2020,83661.0477999999
"Region1","TRA_TRUCK_NGS_001","TRA_TRUCK",2021,124526.3151
"Region1","TRA_TRUCK_NGS_001","TRA_TRUCK",2022,165879.0387
"Region1","TRA_TRUCK_NGS_001","TRA_TRUCK",2023,207730.8783
"Region1","TRA_TRUCK_NGS_001","TRA_TRUCK",2024,250093.7458
"Region1","TRA_TRUCK_NGS_001","TRA_TRUCK",2025,292979.8106
"Region1","TRA_TRUCK_NGS_001","TRA_TRUCK",2026,336401.5025
"Region1","TRA_TRUCK_NGS_001","TRA_TRUCK",2027,380371.5173
"Region1","TRA_TRUCK_NGS_001","TRA_TRUCK",2028,424902.8203
"Region1","TRA_TRUCK_NGS_001","TRA_TRUCK",2029,470008.652
"Region1","TRA_TRUCK_NGS_001","TRA_TRUCK",2030,515702.5314
"Region1","TRA_TRUCK_NGS_001","TRA_TRUCK",2031,561998.2608
"Region1","TRA_TRUCK_NGS_001","TRA_TRUCK",2032,608909.931
"Region1","TRA_TRUCK_NGS_001","TRA_TRUCK",2033,656451.9242
"Region1","TRA_TRUCK_NGS_001","TRA_TRUCK",2034,704638.9213
"Region1","TRA_TRUCK_NGS_001","TRA_TRUCK",2035,753485.9035
