REGION,TECHNOLOGY,MODE_OF_OPERATION,YEAR,VALUE
"Region1","BIO_RESPRD",1,2018,199.229678098327
"Region1","BIO_RESPRD",1,2019,277.094951358499
"Region1","BIO_RESPRD",1,2020,535.864164311664
"Region1","BIO_RESPRD",1,2021,571.821680323687
"Region1","BIO_RESPRD",1,2022,592.812911333271
"Region1","BIO_RESPRD",1,2023,655.636955973721
"Region1","BIO_RESPRD",1,2024,676.141207541967
"Region1","BIO_RESPRD",1,2025,701.679192223819
"Region1","BIO_RESPRD",1,2026,744.040717114177
"Region1","BIO_RESPRD",1,2027,744.040717114177
"Region1","BIO_RESPRD",1,2028,744.040717114177
"Region1","BIO_RESPRD",1,2029,744.040717114177
"Region1","BIO_RESPRD",1,2030,744.040717114177
"Region1","BIO_RESPRD",1,2031,743.005443728304
"Region1","BIO_RESPRD",1,2032,725.855664544902
"Region1","BIO_RESPRD",1,2033,688.370405460273
"Region1","BIO_RESPRD",1,2034,696.010511165529
"Region1","BIO_RESPRD",1,2035,577.310772241291
"Region1","BIO_RESPRD2",1,2018,0.0355297430101817
"Region1","BIO_RESPRD2",1,2019,41.9682816775597
"Region1","BIO_RESPRD2",1,2020,132.75774309234
"Region1","BIO_RESPRD2",1,2021,132.671881908318
"Region1","BIO_RESPRD2",1,2022,133.462982306238
"Region1","BIO_RESPRD2",1,2023,132.193014407052
"Region1","BIO_RESPRD2",1,2024,129.277979754308
"Region1","BIO_RESPRD2",1,2025,241.458153349856
"Region1","BIO_RESPRD2",1,2026,241.458153349856
"Region1","BIO_RESPRD2",1,2027,239.310538217193
"Region1","BIO_RESPRD2",1,2028,235.424894355652
"Region1","BIO_RESPRD2",1,2029,224.316502329425
"Region1","BIO_RESPRD2",1,2030,208.226447300709
"Region1","BIO_RESPRD2",1,2031,190.908818465877
"Region1","BIO_RESPRD2",1,2032,169.027790086488
"Region1","BIO_RESPRD2",1,2033,99.6713936750943
"Region1","BIO_RESPRD2",1,2034,44.4662971634982
"Region1","BIO_RESPRD2",1,2035,20.1436240962109
"Region1","BIODSL_PROD_001",1,2018,103.6035767542
"Region1","BIODSL_PROD_001",1,2019,144.09513851196
"Region1","BIODSL_PROD_001",1,2020,278.66051186254
"Region1","BIODSL_PROD_001",1,2021,297.359168135043
"Region1","BIODSL_PROD_001",1,2022,308.275044895097
"Region1","BIODSL_PROD_001",1,2023,340.944854900531
"Region1","BIODSL_PROD_001",1,2024,351.607492221511
"Region1","BIODSL_PROD_001",1,2025,364.887775467405
"Region1","BIODSL_PROD_001",1,2026,386.916649565355
"Region1","BIODSL_PROD_001",1,2027,386.916649565355
"Region1","BIODSL_PROD_001",1,2028,386.916649565355
"Region1","BIODSL_PROD_001",1,2029,386.916649565355
"Region1","BIODSL_PROD_001",1,2030,386.916649565355
"Region1","BIODSL_PROD_001",1,2031,386.378285870153
"Region1","BIODSL_PROD_001",1,2032,377.460043965107
"Region1","BIODSL_PROD_001",1,2033,357.966929516523
"Region1","BIODSL_PROD_001",1,2034,361.939943403811
"Region1","BIODSL_PROD_001",1,2035,300.213610109876
"Region1","BIOETH_PROD_001",1,2018,0.019893473130001
"Region1","BIOETH_PROD_001",1,2019,23.4984779829561
"Region1","BIOETH_PROD_001",1,2020,74.33244294084
"Region1","BIOETH_PROD_001",1,2021,74.284368369719
"Region1","BIOETH_PROD_001",1,2022,74.727313721298
"Region1","BIOETH_PROD_001",1,2023,74.016245468674
"Region1","BIOETH_PROD_001",1,2024,72.384087208459
"Region1","BIOETH_PROD_001",1,2025,135.19493468637
"Region1","BIOETH_PROD_001",1,2026,135.19493468637
"Region1","BIOETH_PROD_001",1,2027,133.992462607611
"Region1","BIOETH_PROD_001",1,2028,131.816850143142
"Region1","BIOETH_PROD_001",1,2029,125.597145761156
"Region1","BIOETH_PROD_001",1,2030,116.588156383376
"Region1","BIOETH_PROD_001",1,2031,106.891835647188
"Region1","BIOETH_PROD_001",1,2032,94.6404199812364
"Region1","BIOETH_PROD_001",1,2033,55.80705132984
"Region1","BIOETH_PROD_001",1,2034,24.8971428687
"Region1","BIOETH_PROD_001",1,2035,11.2786249138919
"Region1","COM_CWH_BIO_001",1,2018,25.352774649
"Region1","COM_CWH_BIO_001",1,2019,38.673736793
"Region1","COM_CWH_BIO_001",1,2020,52.624731597
"Region1","COM_CWH_BIO_001",1,2021,67.257550286
"Region1","COM_CWH_BIO_001",1,2022,82.628241968
"Region1","COM_CWH_BIO_001",1,2023,98.797463061
"Region1","COM_CWH_BIO_001",1,2024,115.830856054
"Region1","COM_CWH_BIO_001",1,2025,133.799459746
"Region1","COM_CWH_BIO_001",1,2026,152.78015254
"Region1","COM_CWH_BIO_001",1,2027,172.856132732
"Region1","COM_CWH_BIO_001",1,2028,194.117437618
"Region1","COM_CWH_BIO_001",1,2029,216.66150621
"Region1","COM_CWH_BIO_001",1,2030,240.5937872
"Region1","COM_CWH_BIO_001",1,2031,260.3716551
"Region1","COM_CWH_BIO_001",1,2032,281.7753508
"Region1","COM_CWH_BIO_001",1,2033,304.9385245
"Region1","COM_CWH_BIO_001",1,2034,330.0058129
"Region1","COM_CWH_BIO_001",1,2035,357.1337428
"Region1","COM_CWH_DSL_001",1,2018,41.78543002
"Region1","COM_CWH_DSL_001",1,2019,38.30331085
"Region1","COM_CWH_DSL_001",1,2020,34.82119168
"Region1","COM_CWH_DSL_001",1,2021,31.33907251
"Region1","COM_CWH_DSL_001",1,2022,27.85695335
"Region1","COM_CWH_DSL_001",1,2023,24.37483418
"Region1","COM_CWH_DSL_001",1,2024,20.89271501
"Region1","COM_CWH_DSL_001",1,2025,17.41059584
"Region1","COM_CWH_DSL_001",1,2026,13.92847667
"Region1","COM_CWH_DSL_001",1,2027,10.4463575
"Region1","COM_CWH_DSL_001",1,2028,6.964238337
"Region1","COM_CWH_DSL_001",1,2029,3.482119168
"Region1","COM_CWH_KER_001",1,2018,2.968769451
"Region1","COM_CWH_KER_001",1,2019,2.721371997
"Region1","COM_CWH_KER_001",1,2020,2.473974542
"Region1","COM_CWH_KER_001",1,2021,2.226577088
"Region1","COM_CWH_KER_001",1,2022,1.979179634
"Region1","COM_CWH_KER_001",1,2023,1.73178218
"Region1","COM_CWH_KER_001",1,2024,1.484384725
"Region1","COM_CWH_KER_001",1,2025,1.236987271
"Region1","COM_CWH_KER_001",1,2026,0.989589817
"Region1","COM_CWH_KER_001",1,2027,0.742192362999998
"Region1","COM_CWH_KER_001",1,2028,0.494794908
"Region1","COM_CWH_KER_001",1,2029,0.247397454
"Region1","COM_CWH_LPG_001",1,2018,10.95475927
"Region1","COM_CWH_LPG_001",1,2019,10.04186267
"Region1","COM_CWH_LPG_001",1,2020,9.128966061
"Region1","COM_CWH_LPG_001",1,2021,8.216069455
"Region1","COM_CWH_LPG_001",1,2022,7.303172849
"Region1","COM_CWH_LPG_001",1,2023,6.390276243
"Region1","COM_CWH_LPG_001",1,2024,5.477379637
"Region1","COM_CWH_LPG_001",1,2025,4.564483031
"Region1","COM_CWH_LPG_001",1,2026,3.651586424
"Region1","COM_CWH_LPG_001",1,2027,2.738689818
"Region1","COM_CWH_LPG_001",1,2028,1.825793212
"Region1","COM_CWH_LPG_001",1,2029,0.912896606
"Region1","COM_CWH_NGS_001",1,2018,12.17195475
"Region1","COM_CWH_NGS_001",1,2019,11.15762519
"Region1","COM_CWH_NGS_001",1,2020,10.14329562
"Region1","COM_CWH_NGS_001",1,2021,9.128966061
"Region1","COM_CWH_NGS_001",1,2022,8.114636499
"Region1","COM_CWH_NGS_001",1,2023,7.100306936
"Region1","COM_CWH_NGS_001",1,2024,6.085977374
"Region1","COM_CWH_NGS_001",1,2025,5.071647812
"Region1","COM_CWH_NGS_001",1,2026,4.057318249
"Region1","COM_CWH_NGS_001",1,2027,3.042988687
"Region1","COM_CWH_NGS_001",1,2028,2.028659125
"Region1","COM_CWH_NGS_001",1,2029,1.014329562
"Region1","COM_EL_APP_001",1,2018,246.54
"Region1","COM_EL_APP_001",1,2019,267.15
"Region1","COM_EL_APP_001",1,2020,289.49
"Region1","COM_EL_APP_001",1,2021,313.7
"Region1","COM_EL_APP_001",1,2022,339.93
"Region1","COM_EL_APP_001",1,2023,368.36
"Region1","COM_EL_APP_001",1,2024,399.16
"Region1","COM_EL_APP_001",1,2025,432.55
"Region1","COM_EL_APP_001",1,2026,468.72
"Region1","COM_EL_APP_001",1,2027,507.91
"Region1","COM_EL_APP_001",1,2028,550.39
"Region1","COM_EL_APP_001",1,2029,596.41
"Region1","COM_EL_APP_001",1,2030,646.29
"Region1","COM_EL_APP_001",1,2031,700.33
"Region1","COM_EL_APP_001",1,2032,758.9
"Region1","COM_EL_APP_001",1,2033,822.36
"Region1","COM_EL_APP_001",1,2034,891.13
"Region1","COM_EL_APP_001",1,2035,965.65
"Region1","IMP_DSL",1,2018,1559.90726177951
"Region1","IMP_DSL",1,2019,1518.81972796061
"Region1","IMP_DSL",1,2020,1380.48705135784
"Region1","IMP_DSL",1,2021,1366.50289764179
"Region1","IMP_DSL",1,2022,1356.53924520953
"Region1","IMP_DSL",1,2023,1335.30571560366
"Region1","IMP_DSL",1,2024,1352.33835388575
"Region1","IMP_DSL",1,2025,1358.98817074622
"Region1","IMP_DSL",1,2026,1324.21365916583
"Region1","IMP_DSL",1,2027,1280.42999745078
"Region1","IMP_DSL",1,2028,1259.20871300292
"Region1","IMP_DSL",1,2029,1198.50248872001
"Region1","IMP_DSL",1,2030,1135.11675616218
"Region1","IMP_DSL",1,2031,1112.50639168752
"Region1","IMP_DSL",1,2032,1085.84902161733
"Region1","IMP_DSL",1,2033,1007.16683137056
"Region1","IMP_DSL",1,2034,1018.82899479388
"Region1","IMP_DSL",1,2035,1036.8305342866
"Region1","IMP_GSL",1,2018,721.33657598947
"Region1","IMP_GSL",1,2019,714.937439122175
"Region1","IMP_GSL",1,2020,678.93401966481
"Region1","IMP_GSL",1,2021,683.486407468971
"Region1","IMP_GSL",1,2022,687.472915633182
"Region1","IMP_GSL",1,2023,681.073301359566
"Region1","IMP_GSL",1,2024,666.383877017631
"Region1","IMP_GSL",1,2025,555.706830886978
"Region1","IMP_GSL",1,2026,555.706830886979
"Region1","IMP_GSL",1,2027,550.896942571943
"Region1","IMP_GSL",1,2028,542.194492714068
"Region1","IMP_GSL",1,2029,517.315675186124
"Region1","IMP_GSL",1,2030,481.279717675004
"Region1","IMP_GSL",1,2031,437.465280196001
"Region1","IMP_GSL",1,2032,383.546738869195
"Region1","IMP_GSL",1,2033,223.22820531936
"Region1","IMP_GSL",1,2034,99.5885714748
"Region1","IMP_GSL",1,2035,45.1144996555676
"Region1","IMP_KER",1,2018,157.035692911
"Region1","IMP_KER",1,2019,159.2610628385
"Region1","IMP_KER",1,2020,161.9066337347
"Region1","IMP_KER",1,2021,165.586312974755
"Region1","IMP_KER",1,2022,168.795209632381
"Region1","IMP_KER",1,2023,172.6469713226
"Region1","IMP_KER",1,2024,177.2651061647
"Region1","IMP_KER",1,2025,187.428436511272
"Region1","IMP_KER",1,2026,188.26644951064
"Region1","IMP_KER",1,2027,200.370805232785
"Region1","IMP_KER",1,2028,212.761299684346
"Region1","IMP_KER",1,2029,212.179486237722
"Region1","IMP_KER",1,2030,218.917593373933
"Region1","IMP_KER",1,2031,233.654654209686
"Region1","IMP_KER",1,2032,247.561033537578
"Region1","IMP_KER",1,2033,261.698058398366
"Region1","IMP_KER",1,2034,280.645596301485
"Region1","IMP_KER",1,2035,295.09387003546
"Region1","IMP_LPG",1,2018,327.699618348
"Region1","IMP_LPG",1,2019,300.391316734
"Region1","IMP_LPG",1,2020,273.083015293
"Region1","IMP_LPG",1,2021,245.774713673
"Region1","IMP_LPG",1,2022,218.466412235
"Region1","IMP_LPG",1,2023,191.158110614
"Region1","IMP_LPG",1,2024,163.849809176
"Region1","IMP_LPG",1,2025,136.541507647
"Region1","IMP_LPG",1,2026,109.233206117
"Region1","IMP_LPG",1,2027,81.924904588
"Region1","IMP_LPG",1,2028,54.616603058
"Region1","IMP_LPG",1,2029,27.308301529
"Region1","IMP_OIL",1,2018,85.50911049
"Region1","IMP_OIL",1,2019,84.0171179856015
"Region1","IMP_OIL",1,2020,82.2590412811086
"Region1","IMP_OIL",1,2021,80.2155695115135
"Region1","IMP_OIL",1,2023,75.18945559292
"Region1","IMP_OIL",1,2024,72.1622648004733
"Region1","IMP_OIL",1,2025,68.7604508881942
"Region1","IMP_OIL",1,2026,64.9583834679787
"Region1","IMP_OIL",1,2027,60.7289602013625
"Region1","IMP_OIL",1,2028,56.0435291842741
"Region1","IMP_OIL",1,2029,50.8718074416859
"Region1","IMP_OIL",1,2030,45.1817953436468
"Region1","IMP_OIL",1,2031,47.1103520475182
"Region1","IMP_OIL",1,2032,49.0418764814665
"Region1","IMP_OIL",1,2033,51.0525934172066
"Region1","IMP_OIL",1,2034,53.1457497473121
"Region1","IMP_OIL",1,2035,55.3247254869518
"Region1","IND_BIO_AUTOPRD",1,2018,58.1680499690001
"Region1","IND_BIO_AUTOPRD",1,2019,66.3908669
"Region1","IND_BIO_AUTOPRD",1,2020,72.79156855
"Region1","IND_BIO_AUTOPRD",1,2021,79.68500115
"Region1","IND_BIO_AUTOPRD",1,2022,87.1054544
"Region1","IND_BIO_AUTOPRD",1,2023,95.0894708
"Region1","IND_BIO_AUTOPRD",1,2024,103.6759881
"Region1","IND_BIO_AUTOPRD",1,2025,112.90649085
"Region1","IND_BIO_AUTOPRD",1,2026,122.82517095
"Region1","IND_BIO_AUTOPRD",1,2027,133.47909835
"Region1","IND_BIO_AUTOPRD",1,2028,144.918402
"Region1","IND_BIO_AUTOPRD",1,2029,157.1964621
"Region1","IND_BIO_AUTOPRD",1,2030,170.37011415
"Region1","IND_BIO_AUTOPRD",1,2031,184.49986525
"Region1","IND_BIO_AUTOPRD",1,2032,199.65012405
"Region1","IND_BIO_AUTOPRD",1,2033,215.8894443
"Region1","IND_BIO_AUTOPRD",1,2034,233.2907835
"Region1","IND_BIO_AUTOPRD",1,2035,251.9317776
"Region1","IND_CHEM_BIO_001",1,2018,50.07280215
"Region1","IND_CHEM_BIO_001",1,2019,45.90006864
"Region1","IND_CHEM_BIO_001",1,2020,41.72733513
"Region1","IND_CHEM_BIO_001",1,2021,37.55460161
"Region1","IND_CHEM_BIO_001",1,2022,33.3818681
"Region1","IND_CHEM_BIO_001",1,2023,29.20913459
"Region1","IND_CHEM_BIO_001",1,2024,166.7852392
"Region1","IND_CHEM_BIO_001",1,2025,175.6409926
"Region1","IND_CHEM_BIO_001",1,2026,184.9669576
"Region1","IND_CHEM_BIO_001",1,2027,36.1461581308531
"Region1","IND_CHEM_BIO_001",1,2028,8.345467025
"Region1","IND_CHEM_BIO_001",1,2029,4.172733513
"Region1","IND_CHEM_COA_001",1,2018,228.109432100001
"Region1","IND_CHEM_COA_001",1,2019,254.64322144
"Region1","IND_CHEM_COA_001",1,2020,282.11813401
"Region1","IND_CHEM_COA_001",1,2021,310.58414029
"Region1","IND_CHEM_COA_001",1,2022,340.09386411
"Region1","IND_CHEM_COA_001",1,2023,370.70272335
"Region1","IND_CHEM_COA_001",1,2024,260.72024062
"Region1","IND_CHEM_COA_001",1,2025,280.67706419
"Region1","IND_CHEM_COA_001",1,2026,301.44735422
"Region1","IND_CHEM_COA_001",1,2027,481.716245739147
"Region1","IND_CHEM_COA_001",1,2028,542.388643656
"Region1","IND_CHEM_COA_001",1,2029,580.932289367
"Region1","IND_CHEM_COA_001",1,2030,621.0547419
"Region1","IND_CHEM_COA_001",1,2031,654.0307268
"Region1","IND_CHEM_COA_001",1,2032,688.7576296
"Region1","IND_CHEM_COA_001",1,2033,725.3284172
"Region1","IND_CHEM_COA_001",1,2034,763.8409961
"Region1","IND_CHEM_COA_001",1,2035,804.398466
"Region1","IND_CHEM_DSL_001",1,2018,55.63644684
"Region1","IND_CHEM_DSL_001",1,2019,51.00007627
"Region1","IND_CHEM_DSL_001",1,2020,46.3637057
"Region1","IND_CHEM_DSL_001",1,2021,41.72733513
"Region1","IND_CHEM_DSL_001",1,2022,37.09096456
"Region1","IND_CHEM_DSL_001",1,2023,32.45459399
"Region1","IND_CHEM_DSL_001",1,2024,27.81822342
"Region1","IND_CHEM_DSL_001",1,2025,23.18185285
"Region1","IND_CHEM_DSL_001",1,2026,18.54548228
"Region1","IND_CHEM_DSL_001",1,2027,13.90911171
"Region1","IND_CHEM_DSL_001",1,2028,9.27274113900004
"Region1","IND_CHEM_DSL_001",1,2029,4.63637057
"Region1","IND_CHEM_ELC_001",1,2018,55.02505731
"Region1","IND_CHEM_ELC_001",1,2019,57.94670875
"Region1","IND_CHEM_ELC_001",1,2020,61.02349036
"Region1","IND_CHEM_ELC_001",1,2021,64.26363907
"Region1","IND_CHEM_ELC_001",1,2022,67.67582913
"Region1","IND_CHEM_ELC_001",1,2023,71.26919537
"Region1","IND_CHEM_ELC_001",1,2024,75.05335766
"Region1","IND_CHEM_ELC_001",1,2025,79.03844666
"Region1","IND_CHEM_ELC_001",1,2026,83.2351309
"Region1","IND_CHEM_ELC_001",1,2027,87.65464542
"Region1","IND_CHEM_ELC_001",1,2028,92.30882178
"Region1","IND_CHEM_ELC_001",1,2029,97.21011975
"Region1","IND_CHEM_ELC_001",1,2030,102.3716607
"Region1","IND_CHEM_ELC_001",1,2031,107.8072627
"Region1","IND_CHEM_ELC_001",1,2032,113.5314774
"Region1","IND_CHEM_ELC_001",1,2033,119.5596293
"Region1","IND_CHEM_ELC_001",1,2034,125.9078564
"Region1","IND_CHEM_ELC_001",1,2035,132.5931538
"Region1","IND_CHEM_NGS_001",1,2018,222.5457873
"Region1","IND_CHEM_NGS_001",1,2019,234.3622443
"Region1","IND_CHEM_NGS_001",1,2020,246.8061166
"Region1","IND_CHEM_NGS_001",1,2021,259.910718
"Region1","IND_CHEM_NGS_001",1,2022,273.7111311
"Region1","IND_CHEM_NGS_001",1,2023,288.2443013
"Region1","IND_CHEM_NGS_001",1,2024,303.5491354
"Region1","IND_CHEM_NGS_001",1,2025,319.6666065
"Region1","IND_CHEM_NGS_001",1,2026,336.6398628
"Region1","IND_CHEM_NGS_001",1,2027,354.5143437
"Region1","IND_CHEM_NGS_001",1,2028,373.3379014
"Region1","IND_CHEM_NGS_001",1,2029,393.1609288
"Region1","IND_CHEM_NGS_001",1,2030,414.0364944
"Region1","IND_CHEM_NGS_001",1,2031,436.0204845
"Region1","IND_CHEM_NGS_001",1,2032,459.171753
"Region1","IND_CHEM_NGS_001",1,2033,483.5522785
"Region1","IND_CHEM_NGS_001",1,2034,509.2273305
"Region1","IND_CHEM_NGS_001",1,2035,536.2656442
"Region1","IND_CMNT_COA_001",1,2018,474.91271023
"Region1","IND_CMNT_COA_001",1,2019,494.52373679
"Region1","IND_CMNT_COA_001",1,2020,514.8435004
"Region1","IND_CMNT_COA_001",1,2021,535.899031438
"Region1","IND_CMNT_COA_001",1,2022,557.718391117
"Region1","IND_CMNT_COA_001",1,2023,580.330711076
"Region1","IND_CMNT_COA_001",1,2024,603.766233835
"Region1","IND_CMNT_COA_001",1,2025,628.056355474
"Region1","IND_CMNT_COA_001",1,2026,653.233669273
"Region1","IND_CMNT_COA_001",1,2027,679.332011783
"Region1","IND_CMNT_COA_001",1,2028,706.386510102
"Region1","IND_CMNT_COA_001",1,2029,734.433630591001
"Region1","IND_CMNT_COA_001",1,2030,763.51123096
"Region1","IND_CMNT_COA_001",1,2031,792.63066261
"Region1","IND_CMNT_COA_001",1,2032,822.86067663
"Region1","IND_CMNT_COA_001",1,2033,854.24362722
"Region1","IND_CMNT_COA_001",1,2034,886.82348692
"Region1","IND_CMNT_COA_001",1,2035,920.64590532
"Region1","IND_CMNT_DSL_001",1,2018,12.33539507
"Region1","IND_CMNT_DSL_001",1,2019,11.30744548
"Region1","IND_CMNT_DSL_001",1,2020,10.27949589
"Region1","IND_CMNT_DSL_001",1,2021,9.251546302
"Region1","IND_CMNT_DSL_001",1,2022,8.223596713
"Region1","IND_CMNT_DSL_001",1,2023,7.195647124
"Region1","IND_CMNT_DSL_001",1,2024,6.167697535
"Region1","IND_CMNT_DSL_001",1,2025,5.139747946
"Region1","IND_CMNT_DSL_001",1,2026,4.111798357
"Region1","IND_CMNT_DSL_001",1,2027,3.083848767
"Region1","IND_CMNT_DSL_001",1,2028,2.055899178
"Region1","IND_CMNT_DSL_001",1,2029,1.027949589
"Region1","IND_CMNT_ELC_001",1,2018,19.0753532
"Region1","IND_CMNT_ELC_001",1,2019,19.80286503
"Region1","IND_CMNT_ELC_001",1,2020,20.55812331
"Region1","IND_CMNT_ELC_001",1,2021,21.34218626
"Region1","IND_CMNT_ELC_001",1,2022,22.15615247
"Region1","IND_CMNT_ELC_001",1,2023,23.0011624
"Region1","IND_CMNT_ELC_001",1,2024,23.87840003
"Region1","IND_CMNT_ELC_001",1,2025,24.78909448
"Region1","IND_CMNT_ELC_001",1,2026,25.73452177
"Region1","IND_CMNT_ELC_001",1,2027,26.71600655
"Region1","IND_CMNT_ELC_001",1,2028,27.73492402
"Region1","IND_CMNT_ELC_001",1,2029,28.79270182
"Region1","IND_CMNT_ELC_001",1,2030,29.89082204
"Region1","IND_CMNT_ELC_001",1,2031,31.03082329
"Region1","IND_CMNT_ELC_001",1,2032,32.21430287
"Region1","IND_CMNT_ELC_001",1,2033,33.44291898
"Region1","IND_CMNT_ELC_001",1,2034,34.71839308
"Region1","IND_CMNT_ELC_001",1,2035,36.04251228
"Region1","IND_CMNT_NGS_001",1,2018,129.5216482
"Region1","IND_CMNT_NGS_001",1,2019,134.4614535
"Region1","IND_CMNT_NGS_001",1,2020,139.5896573
"Region1","IND_CMNT_NGS_001",1,2021,144.9134447
"Region1","IND_CMNT_NGS_001",1,2022,150.4402753
"Region1","IND_CMNT_NGS_001",1,2023,156.1778927
"Region1","IND_CMNT_NGS_001",1,2024,162.1343362
"Region1","IND_CMNT_NGS_001",1,2025,168.3179515
"Region1","IND_CMNT_NGS_001",1,2026,174.7374028
"Region1","IND_CMNT_NGS_001",1,2027,181.4016845
"Region1","IND_CMNT_NGS_001",1,2028,188.3201341
"Region1","IND_CMNT_NGS_001",1,2029,195.5024454
"Region1","IND_CMNT_NGS_001",1,2030,202.9586817
"Region1","IND_CMNT_NGS_001",1,2031,210.6992901
"Region1","IND_CMNT_NGS_001",1,2032,218.7351165
"Region1","IND_CMNT_NGS_001",1,2033,227.0774198
"Region1","IND_CMNT_NGS_001",1,2034,235.737889
"Region1","IND_CMNT_NGS_001",1,2035,244.7286584
"Region1","IND_FOOD_BIO_001",1,2018,168.6843008
"Region1","IND_FOOD_BIO_001",1,2019,154.6272758
"Region1","IND_FOOD_BIO_001",1,2020,140.5702507
"Region1","IND_FOOD_BIO_001",1,2021,126.5132256
"Region1","IND_FOOD_BIO_001",1,2022,112.4562006
"Region1","IND_FOOD_BIO_001",1,2023,98.39917549
"Region1","IND_FOOD_BIO_001",1,2024,228.3620467
"Region1","IND_FOOD_BIO_001",1,2025,240.1866162
"Region1","IND_FOOD_BIO_001",1,2026,94.1803660286802
"Region1","IND_FOOD_BIO_001",1,2027,133.146680086151
"Region1","IND_FOOD_BIO_001",1,2028,28.11405014
"Region1","IND_FOOD_BIO_001",1,2029,14.05702507
"Region1","IND_FOOD_COA_001",1,2018,150.44816029
"Region1","IND_FOOD_COA_001",1,2019,192.73357557
"Region1","IND_FOOD_COA_001",1,2020,236.10688294
"Region1","IND_FOOD_COA_001",1,2021,280.62441319
"Region1","IND_FOOD_COA_001",1,2022,326.34541403
"Region1","IND_FOOD_COA_001",1,2023,373.33220135
"Region1","IND_FOOD_COA_001",1,2024,277.63042093
"Region1","IND_FOOD_COA_001",1,2025,301.46720699
"Region1","IND_FOOD_COA_001",1,2026,484.60758305132
"Region1","IND_FOOD_COA_001",1,2027,484.324425103849
"Region1","IND_FOOD_COA_001",1,2028,629.66945016
"Region1","IND_FOOD_COA_001",1,2029,685.752471107
"Region1","IND_FOOD_COA_001",1,2030,743.637823
"Region1","IND_FOOD_COA_001",1,2031,782.14333293
"Region1","IND_FOOD_COA_001",1,2032,822.642655479998
"Region1","IND_FOOD_COA_001",1,2033,865.23902977
"Region1","IND_FOOD_COA_001",1,2034,910.041040789999
"Region1","IND_FOOD_COA_001",1,2035,957.16289631
"Region1","IND_FOOD_DSL_001",1,2018,86.621668
"Region1","IND_FOOD_DSL_001",1,2019,79.40319566
"Region1","IND_FOOD_DSL_001",1,2020,72.18472333
"Region1","IND_FOOD_DSL_001",1,2021,64.966251
"Region1","IND_FOOD_DSL_001",1,2022,57.74777866
"Region1","IND_FOOD_DSL_001",1,2023,50.52930633
"Region1","IND_FOOD_DSL_001",1,2024,43.310834
"Region1","IND_FOOD_DSL_001",1,2025,36.09236167
"Region1","IND_FOOD_DSL_001",1,2026,28.87388933
"Region1","IND_FOOD_DSL_001",1,2027,21.655417
"Region1","IND_FOOD_DSL_001",1,2028,14.43694467
"Region1","IND_FOOD_DSL_001",1,2029,7.218472333
"Region1","IND_FOOD_ELC_001",1,2018,39.64378398
"Region1","IND_FOOD_ELC_001",1,2019,41.6965361
"Region1","IND_FOOD_ELC_001",1,2020,43.85557957
"Region1","IND_FOOD_ELC_001",1,2021,46.12641815
"Region1","IND_FOOD_ELC_001",1,2022,48.51484058
"Region1","IND_FOOD_ELC_001",1,2023,51.02693533
"Region1","IND_FOOD_ELC_001",1,2024,53.66910617
"Region1","IND_FOOD_ELC_001",1,2025,56.44808841
"Region1","IND_FOOD_ELC_001",1,2026,59.37096613
"Region1","IND_FOOD_ELC_001",1,2027,62.44519025
"Region1","IND_FOOD_ELC_001",1,2028,65.67859745
"Region1","IND_FOOD_ELC_001",1,2029,69.07943024
"Region1","IND_FOOD_ELC_001",1,2030,72.65635788
"Region1","IND_FOOD_ELC_001",1,2031,76.41849857
"Region1","IND_FOOD_ELC_001",1,2032,80.37544262
"Region1","IND_FOOD_ELC_001",1,2033,84.53727693
"Region1","IND_FOOD_ELC_001",1,2034,88.91461071
"Region1","IND_FOOD_ELC_001",1,2035,93.51860249
"Region1","IND_FOOD_NGS_001",1,2018,50.14938673
"Region1","IND_FOOD_NGS_001",1,2019,52.74611817
"Region1","IND_FOOD_NGS_001",1,2020,55.47730816
"Region1","IND_FOOD_NGS_001",1,2021,58.34991896
"Region1","IND_FOOD_NGS_001",1,2022,61.37127333
"Region1","IND_FOOD_NGS_001",1,2023,64.5490732
"Region1","IND_FOOD_NGS_001",1,2024,67.8914193
"Region1","IND_FOOD_NGS_001",1,2025,71.40683183
"Region1","IND_FOOD_NGS_001",1,2026,75.10427216
"Region1","IND_FOOD_NGS_001",1,2027,78.99316566
"Region1","IND_FOOD_NGS_001",1,2028,83.08342578
"Region1","IND_FOOD_NGS_001",1,2029,87.38547925
"Region1","IND_FOOD_NGS_001",1,2030,91.91029272
"Region1","IND_FOOD_NGS_001",1,2031,96.6694007
"Region1","IND_FOOD_NGS_001",1,2032,101.6749349
"Region1","IND_FOOD_NGS_001",1,2033,106.9396553
"Region1","IND_FOOD_NGS_001",1,2034,112.4769825
"Region1","IND_FOOD_NGS_001",1,2035,118.3010322
"Region1","IND_OTH_BIO",1,2018,116.336099938
"Region1","IND_OTH_BIO",1,2019,132.7817338
"Region1","IND_OTH_BIO",1,2020,145.5831371
"Region1","IND_OTH_BIO",1,2021,159.3700023
"Region1","IND_OTH_BIO",1,2022,174.2109088
"Region1","IND_OTH_BIO",1,2023,190.1789416
"Region1","IND_OTH_BIO",1,2024,207.3519762
"Region1","IND_OTH_BIO",1,2025,225.8129817
"Region1","IND_OTH_BIO",1,2026,245.6503419
"Region1","IND_OTH_BIO",1,2027,266.9581967
"Region1","IND_OTH_BIO",1,2028,289.836804
"Region1","IND_OTH_BIO",1,2029,314.3929242
"Region1","IND_OTH_BIO",1,2030,340.7402283
"Region1","IND_OTH_BIO",1,2031,368.9997305
"Region1","IND_OTH_BIO",1,2032,399.3002481
"Region1","IND_OTH_BIO",1,2033,431.7788886
"Region1","IND_OTH_BIO",1,2034,466.581567
"Region1","IND_OTH_BIO",1,2035,503.8635552
"Region1","IND_OTH_COA_001",1,2018,222.826383
"Region1","IND_OTH_COA_001",1,2019,240.464662368
"Region1","IND_OTH_COA_001",1,2020,263.036855818
"Region1","IND_OTH_COA_001",1,2021,285.981791468
"Region1","IND_OTH_COA_001",1,2022,309.303051608
"Region1","IND_OTH_COA_001",1,2023,333.003546959
"Region1","IND_OTH_COA_001",1,2024,357.085433909
"Region1","IND_OTH_COA_001",1,2025,381.550029359
"Region1","IND_OTH_COA_001",1,2026,406.397713109
"Region1","IND_OTH_COA_001",1,2027,431.627824359
"Region1","IND_OTH_COA_001",1,2028,457.2385508
"Region1","IND_OTH_COA_001",1,2029,483.226808152
"Region1","IND_OTH_COA_001",1,2030,509.5881097
"Region1","IND_OTH_COA_001",1,2031,526.5065972
"Region1","IND_OTH_COA_001",1,2032,543.7843782
"Region1","IND_OTH_COA_001",1,2033,561.411873900001
"Region1","IND_OTH_COA_001",1,2034,579.3774736
"Region1","IND_OTH_COA_001",1,2035,597.667345
"Region1","IND_OTH_DSL_001",1,2018,115.6451654
"Region1","IND_OTH_DSL_001",1,2019,106.0080683
"Region1","IND_OTH_DSL_001",1,2020,96.37097118
"Region1","IND_OTH_DSL_001",1,2021,86.73387406
"Region1","IND_OTH_DSL_001",1,2022,77.09677695
"Region1","IND_OTH_DSL_001",1,2023,67.45967983
"Region1","IND_OTH_DSL_001",1,2024,57.82258271
"Region1","IND_OTH_DSL_001",1,2025,48.18548559
"Region1","IND_OTH_DSL_001",1,2026,38.54838847
"Region1","IND_OTH_DSL_001",1,2027,28.91129135
"Region1","IND_OTH_DSL_001",1,2028,19.27419424
"Region1","IND_OTH_DSL_001",1,2029,9.63709711799999
"Region1","IND_OTH_ELC_001",1,2018,113.3996282
"Region1","IND_OTH_ELC_001",1,2019,119.4245565
"Region1","IND_OTH_ELC_001",1,2020,125.7695895
"Region1","IND_OTH_ELC_001",1,2021,132.4517345
"Region1","IND_OTH_ELC_001",1,2022,139.4889021
"Region1","IND_OTH_ELC_001",1,2023,146.8999549
"Region1","IND_OTH_ELC_001",1,2024,154.7047573
"Region1","IND_OTH_ELC_001",1,2025,162.9242292
"Region1","IND_OTH_ELC_001",1,2026,171.5804022
"Region1","IND_OTH_ELC_001",1,2027,180.696478
"Region1","IND_OTH_ELC_001",1,2028,190.2968915
"Region1","IND_OTH_ELC_001",1,2029,200.4073754
"Region1","IND_OTH_ELC_001",1,2030,211.0550299
"Region1","IND_OTH_ELC_001",1,2031,222.2683948
"Region1","IND_OTH_ELC_001",1,2032,234.0775264
"Region1","IND_OTH_ELC_001",1,2033,246.5140778
"Region1","IND_OTH_ELC_001",1,2034,259.6113838
"Region1","IND_OTH_ELC_001",1,2035,273.4045504
"Region1","IND_OTH_LPG_001",1,2018,2.072803562
"Region1","IND_OTH_LPG_001",1,2019,1.900069932
"Region1","IND_OTH_LPG_001",1,2020,1.727336302
"Region1","IND_OTH_LPG_001",1,2021,1.554602672
"Region1","IND_OTH_LPG_001",1,2022,1.381869042
"Region1","IND_OTH_LPG_001",1,2023,1.209135411
"Region1","IND_OTH_LPG_001",1,2024,1.036401781
"Region1","IND_OTH_LPG_001",1,2025,0.863668151
"Region1","IND_OTH_LPG_001",1,2026,0.690934521
"Region1","IND_OTH_LPG_001",1,2027,0.518200891
"Region1","IND_OTH_LPG_001",1,2028,0.34546726
"Region1","IND_OTH_LPG_001",1,2029,0.17273363
"Region1","IND_OTH_NGS_001",1,2018,293.3880709
"Region1","IND_OTH_NGS_001",1,2019,308.9757947
"Region1","IND_OTH_NGS_001",1,2020,325.391695
"Region1","IND_OTH_NGS_001",1,2021,342.679773
"Region1","IND_OTH_NGS_001",1,2022,360.8863675
"Region1","IND_OTH_NGS_001",1,2023,380.0602793
"Region1","IND_OTH_NGS_001",1,2024,400.2529021
"Region1","IND_OTH_NGS_001",1,2025,421.51836
"Region1","IND_OTH_NGS_001",1,2026,443.9136528
"Region1","IND_OTH_NGS_001",1,2027,467.4988087
"Region1","IND_OTH_NGS_001",1,2028,492.3370452
"Region1","IND_OTH_NGS_001",1,2029,518.4949385
"Region1","IND_OTH_NGS_001",1,2030,546.0426021
"Region1","IND_OTH_NGS_001",1,2031,575.0538745
"Region1","IND_OTH_NGS_001",1,2032,605.6065173
"Region1","IND_OTH_NGS_001",1,2033,637.782423700001
"Region1","IND_OTH_NGS_001",1,2034,671.6678376
"Region1","IND_OTH_NGS_001",1,2035,707.3535854
"Region1","IND_TEXT_COA_001",1,2018,273.7882012
"Region1","IND_TEXT_COA_001",1,2019,295.98231664
"Region1","IND_TEXT_COA_001",1,2020,315.62283939
"Region1","IND_TEXT_COA_001",1,2021,336.13801025
"Region1","IND_TEXT_COA_001",1,2022,357.57311838
"Region1","IND_TEXT_COA_001",1,2023,379.97579814
"Region1","IND_TEXT_COA_001",1,2024,403.39615031
"Region1","IND_TEXT_COA_001",1,2025,427.8868699
"Region1","IND_TEXT_COA_001",1,2026,453.50338033
"Region1","IND_TEXT_COA_001",1,2027,480.303975145
"Region1","IND_TEXT_COA_001",1,2028,508.349965966
"Region1","IND_TEXT_COA_001",1,2029,537.705839478
"Region1","IND_TEXT_COA_001",1,2030,568.43942112
"Region1","IND_TEXT_COA_001",1,2031,597.87317117
"Region1","IND_TEXT_COA_001",1,2032,628.83099862
"Region1","IND_TEXT_COA_001",1,2033,661.39181981
"Region1","IND_TEXT_COA_001",1,2034,695.63863801
"Region1","IND_TEXT_COA_001",1,2035,731.6587538
"Region1","IND_TEXT_DSL_001",1,2018,32.98653026
"Region1","IND_TEXT_DSL_001",1,2019,30.23765274
"Region1","IND_TEXT_DSL_001",1,2020,27.48877522
"Region1","IND_TEXT_DSL_001",1,2021,24.7398977
"Region1","IND_TEXT_DSL_001",1,2022,21.99102017
"Region1","IND_TEXT_DSL_001",1,2023,19.24214265
"Region1","IND_TEXT_DSL_001",1,2024,16.49326513
"Region1","IND_TEXT_DSL_001",1,2025,13.74438761
"Region1","IND_TEXT_DSL_001",1,2026,10.99551009
"Region1","IND_TEXT_DSL_001",1,2027,8.246632565
"Region1","IND_TEXT_DSL_001",1,2028,5.497755044
"Region1","IND_TEXT_DSL_001",1,2029,2.748877522
"Region1","IND_TEXT_ELC_001",1,2018,77.37581172
"Region1","IND_TEXT_ELC_001",1,2019,82.2803586700001
"Region1","IND_TEXT_ELC_001",1,2020,86.54082939
"Region1","IND_TEXT_ELC_001",1,2021,91.02190696
"Region1","IND_TEXT_ELC_001",1,2022,95.73501438
"Region1","IND_TEXT_ELC_001",1,2023,100.6921662
"Region1","IND_TEXT_ELC_001",1,2024,105.9059989
"Region1","IND_TEXT_ELC_001",1,2025,111.3898034
"Region1","IND_TEXT_ELC_001",1,2026,117.157559
"Region1","IND_TEXT_ELC_001",1,2027,123.2239685
"Region1","IND_TEXT_ELC_001",1,2028,129.6044962
"Region1","IND_TEXT_ELC_001",1,2029,136.3154072
"Region1","IND_TEXT_ELC_001",1,2030,143.3738086
"Region1","IND_TEXT_ELC_001",1,2031,150.7976935
"Region1","IND_TEXT_ELC_001",1,2032,158.6059866
"Region1","IND_TEXT_ELC_001",1,2033,166.8185926
"Region1","IND_TEXT_ELC_001",1,2034,175.4564466
"Region1","IND_TEXT_ELC_001",1,2035,184.5415681
"Region1","IND_TEXT_NGS_001",1,2018,23.09057118
"Region1","IND_TEXT_NGS_001",1,2019,24.55419125
"Region1","IND_TEXT_NGS_001",1,2020,25.8256054
"Region1","IND_TEXT_NGS_001",1,2021,27.16285329
"Region1","IND_TEXT_NGS_001",1,2022,28.56934377
"Region1","IND_TEXT_NGS_001",1,2023,30.04866221
"Region1","IND_TEXT_NGS_001",1,2024,31.60457966
"Region1","IND_TEXT_NGS_001",1,2025,33.24106239
"Region1","IND_TEXT_NGS_001",1,2026,34.96228208
"Region1","IND_TEXT_NGS_001",1,2027,36.77262639
"Region1","IND_TEXT_NGS_001",1,2028,38.67671019
"Region1","IND_TEXT_NGS_001",1,2029,40.6793873
"Region1","IND_TEXT_NGS_001",1,2030,42.78576288
"Region1","IND_TEXT_NGS_001",1,2031,45.00120643
"Region1","IND_TEXT_NGS_001",1,2032,47.33136548
"Region1","IND_TEXT_NGS_001",1,2033,49.78217999
"Region1","IND_TEXT_NGS_001",1,2034,52.35989749
"Region1","IND_TEXT_NGS_001",1,2035,55.071089
"Region1","MIN_BIO",1,2018,1957.063963968
"Region1","MIN_BIO",1,2019,2211.21180301034
"Region1","MIN_BIO",1,2020,2448.48315530595
"Region1","MIN_BIO",1,2021,2857.04094828967
"Region1","MIN_BIO",1,2022,3094.1773104316
"Region1","MIN_BIO",1,2023,3337.07854624041
"Region1","MIN_BIO",1,2024,3246.64681990033
"Region1","MIN_BIO",1,2025,3285.94595959266
"Region1","MIN_BIO",1,2026,3156.63657940326
"Region1","MIN_BIO",1,2027,3041.26088812916
"Region1","MIN_BIO",1,2028,3500
"Region1","MIN_BIO",1,2029,3500
"Region1","MIN_BIO",1,2030,3500
"Region1","MIN_BIO",1,2031,3500
"Region1","MIN_BIO",1,2032,3500
"Region1","MIN_BIO",1,2033,3500
"Region1","MIN_BIO",1,2034,3500
"Region1","MIN_BIO",1,2035,3500
"Region1","MIN_COA",1,2018,3709.07442177025
"Region1","MIN_COA",1,2019,3758.72301292395
"Region1","MIN_COA",1,2020,3833.87279750142
"Region1","MIN_COA",1,2021,4022.48589999413
"Region1","MIN_COA",1,2022,4369.13971800553
"Region1","MIN_COA",1,2023,4676.92419711173
"Region1","MIN_COA",1,2024,5091.89448157965
"Region1","MIN_COA",1,2025,4754.47859417373
"Region1","MIN_COA",1,2026,5330.93278090676
"Region1","MIN_COA",1,2027,5943.53922315816
"Region1","MIN_COA",1,2028,6301.89111511957
"Region1","MIN_COA",1,2029,6940.38092021542
"Region1","MIN_COA",1,2030,7672.09541935667
"Region1","MIN_COA",1,2031,8339.09903750154
"Region1","MIN_COA",1,2032,9049.48752209034
"Region1","MIN_COA",1,2033,9766.92258822914
"Region1","MIN_COA",1,2034,10491.7260925179
"Region1","MIN_COA",1,2035,11221.4058335015
"Region1","MIN_GEO",1,2018,313.14077280611
"Region1","MIN_GEO",1,2019,369.629857559176
"Region1","MIN_GEO",1,2020,359.987339535893
"Region1","MIN_GEO",1,2021,348.737735175396
"Region1","MIN_GEO",1,2022,339.095217152113
"Region1","MIN_GEO",1,2023,535.159750292198
"Region1","MIN_GEO",1,2024,846.934499711677
"Region1","MIN_GEO",1,2025,1157.10216279394
"Region1","MIN_GEO",1,2026,1147.45964477066
"Region1","MIN_GEO",1,2027,1136.21004041016
"Region1","MIN_GEO",1,2028,1258.80836658798
"Region1","MIN_GEO",1,2029,1568.97602967025
"Region1","MIN_GEO",1,2030,1796.58369725344
"Region1","MIN_GEO",1,2031,2044.45153762535
"Region1","MIN_GEO",1,2032,2181.05006690136
"Region1","MIN_GEO",1,2033,2410.62950582071
"Region1","MIN_GEO",1,2034,2410.62950582071
"Region1","MIN_GEO",1,2035,2410.62950582071
"Region1","MIN_HYD",1,2018,66.1289196306816
"Region1","MIN_HYD",1,2019,64.841622709248
"Region1","MIN_HYD",1,2020,63.530486955936
"Region1","MIN_HYD",1,2021,62.219351202624
"Region1","MIN_HYD",1,2022,60.78902128992
"Region1","MIN_HYD",1,2023,59.477885536608
"Region1","MIN_HYD",1,2024,82.24396998048
"Region1","MIN_HYD",1,2025,80.932834227168
"Region1","MIN_HYD",1,2026,79.621698473856
"Region1","MIN_HYD",1,2027,78.310562720544
"Region1","MIN_HYD",1,2028,76.999426967232
"Region1","MIN_HYD",1,2029,75.68829121392
"Region1","MIN_HYD",1,2030,74.377155460608
"Region1","MIN_HYD",1,2031,73.066019707296
"Region1","MIN_HYD",1,2032,105.038420639163
"Region1","MIN_HYD",1,2033,163.324364581851
"Region1","MIN_HYD",1,2034,221.610308524539
"Region1","MIN_HYD",1,2035,279.896252467227
"Region1","MIN_LIG",1,2021,59.213009626848
"Region1","MIN_LIG",1,2022,143.803023379488
"Region1","MIN_LIG",1,2023,222.326982889175
"Region1","MIN_LIG",1,2024,222.326982889175
"Region1","MIN_LIG",1,2025,222.326982889175
"Region1","MIN_LIG",1,2026,244.16896456788
"Region1","MIN_LIG",1,2027,314.272905919271
"Region1","MIN_LIG",1,2028,401.097648543768
"Region1","MIN_LIG",1,2029,401.097648543768
"Region1","MIN_LIG",1,2030,401.097648543768
"Region1","MIN_LIG",1,2031,401.097648543768
"Region1","MIN_LIG",1,2032,401.097648543768
"Region1","MIN_LIG",1,2033,401.097648543768
"Region1","MIN_LIG",1,2034,401.097648543768
"Region1","MIN_LIG",1,2035,401.097648543768
"Region1","MIN_NGS",1,2018,989.698319287173
"Region1","MIN_NGS",1,2019,1166.76158413014
"Region1","MIN_NGS",1,2020,1381.28172963981
"Region1","MIN_NGS",1,2021,1383.15590762462
"Region1","MIN_NGS",1,2022,1383.15590762462
"Region1","MIN_NGS",1,2023,1383.15590762462
"Region1","MIN_NGS",1,2024,1383.15590762462
"Region1","MIN_NGS",1,2025,1921.88040274505
"Region1","MIN_NGS",1,2026,2116.99957231266
"Region1","MIN_NGS",1,2027,2242.58234497892
"Region1","MIN_NGS",1,2028,2250.71557429522
"Region1","MIN_NGS",1,2029,2357.16432974736
"Region1","MIN_NGS",1,2030,2369.70400080401
"Region1","MIN_NGS",1,2031,2397.3195456002
"Region1","MIN_NGS",1,2032,2433.51912775556
"Region1","MIN_NGS",1,2033,2585.33302676044
"Region1","MIN_NGS",1,2034,2745.19653643593
"Region1","MIN_NGS",1,2035,2937.9623378966
"Region1","MIN_OIL",1,2022,77.8662556084181
"Region1","MIN_SOL",1,2018,0.95121343008
"Region1","MIN_SOL",1,2019,2.40324250752
"Region1","MIN_SOL",1,2020,5.33736424656
"Region1","MIN_SOL",1,2021,10.62188330256
"Region1","MIN_SOL",1,2022,16.82269755264
"Region1","MIN_SOL",1,2023,21.19092141456
"Region1","MIN_SOL",1,2024,31.75995952656
"Region1","MIN_SOL",1,2025,58.18255480656
"Region1","MIN_SOL",1,2026,84.60515008656
"Region1","MIN_SOL",1,2027,117.42354670464
"Region1","MIN_SOL",1,2028,145.36822702464
"Region1","MIN_SOL",1,2029,163.87293592656
"Region1","MIN_SOL",1,2030,216.71812648656
"Region1","MIN_SOL",1,2031,269.56331704656
"Region1","MIN_SOL",1,2032,322.40850760656
"Region1","MIN_SOL",1,2033,375.25369816656
"Region1","MIN_SOL",1,2034,428.09888872656
"Region1","MIN_SOL",1,2035,480.94407928656
"Region1","MIN_WND",1,2018,1.597453998624
"Region1","MIN_WND",1,2019,1.76899268304
"Region1","MIN_WND",1,2020,1.76899268304
"Region1","MIN_WND",1,2021,1.76899268304
"Region1","MIN_WND",1,2022,1.76899268304
"Region1","MIN_WND",1,2023,1.76899268304
"Region1","MIN_WND",1,2024,1.76899268304
"Region1","MIN_WND",1,2025,28.57191212304
"Region1","MIN_WND",1,2026,55.37483156304
"Region1","MIN_WND",1,2027,82.17775100304
"Region1","MIN_WND",1,2028,108.98067044304
"Region1","MIN_WND",1,2029,135.78358988304
"Region1","MIN_WND",1,2030,189.38942876304
"Region1","MIN_WND",1,2031,242.99526764304
"Region1","MIN_WND",1,2032,296.60110652304
"Region1","MIN_WND",1,2033,350.20694540304
"Region1","MIN_WND",1,2034,403.81278428304
"Region1","MIN_WND",1,2035,457.41862316304
"Region1","NGS_DISTRIB",1,2018,0.920093730111069
"Region1","NGS_DISTRIB",1,2019,28.9026294327112
"Region1","NGS_DISTRIB",1,2020,55.2974467357778
"Region1","NGS_DISTRIB",1,2021,82.0226367509555
"Region1","NGS_DISTRIB",1,2022,109.0877431776
"Region1","NGS_DISTRIB",1,2023,136.502568293734
"Region1","NGS_DISTRIB",1,2024,164.277242835467
"Region1","NGS_DISTRIB",1,2025,192.422093559689
"Region1","NGS_DISTRIB",1,2026,220.947914871889
"Region1","NGS_DISTRIB",1,2027,249.865633882
"Region1","NGS_DISTRIB",1,2028,279.186582351778
"Region1","NGS_DISTRIB",1,2029,308.922431975511
"Region1","NGS_DISTRIB",1,2030,339.085256836453
"Region1","NGS_DISTRIB",1,2031,365.64997497312
"Region1","NGS_DISTRIB",1,2032,392.66666866072
"Region1","NGS_DISTRIB",1,2033,420.148457313431
"Region1","NGS_DISTRIB",1,2034,504.346432723614
"Region1","NGS_DISTRIB",1,2035,575.505321111894
"Region1","NGS_PIPELINE",1,2018,989.698319287173
"Region1","NGS_PIPELINE",1,2019,1166.76158413014
"Region1","NGS_PIPELINE",1,2020,1381.28172963981
"Region1","NGS_PIPELINE",1,2021,1383.15590762462
"Region1","NGS_PIPELINE",1,2022,1383.15590762462
"Region1","NGS_PIPELINE",1,2023,1383.15590762462
"Region1","NGS_PIPELINE",1,2024,1383.15590762462
"Region1","NGS_PIPELINE",1,2025,1921.88040274505
"Region1","NGS_PIPELINE",1,2026,2116.99957231266
"Region1","NGS_PIPELINE",1,2027,2242.58234497892
"Region1","NGS_PIPELINE",1,2028,2250.71557429522
"Region1","NGS_PIPELINE",1,2029,2357.16432974736
"Region1","NGS_PIPELINE",1,2030,2369.70400080401
"Region1","NGS_PIPELINE",1,2031,2397.3195456002
"Region1","NGS_PIPELINE",1,2032,2433.51912775557
"Region1","NGS_PIPELINE",1,2033,2585.33302676044
"Region1","NGS_PIPELINE",1,2034,2745.19653643593
"Region1","NGS_PIPELINE",1,2035,2937.9623378966
"Region1","OTH_ALL_BIO_001",1,2019,4.9858425333374
"Region1","OTH_ALL_BIO_001",1,2020,10.3806573849468
"Region1","OTH_ALL_BIO_001",1,2021,16.2094673809502
"Region1","OTH_ALL_BIO_001",1,2022,22.4987914642366
"Region1","OTH_ALL_BIO_001",1,2023,29.2765937274135
"Region1","OTH_ALL_BIO_001",1,2024,36.5723570601939
"Region1","OTH_ALL_BIO_001",1,2025,44.4171608223604
"Region1","OTH_ALL_BIO_001",1,2026,52.8437622368086
"Region1","OTH_ALL_BIO_001",1,2027,61.8866815645211
"Region1","OTH_ALL_BIO_001",1,2028,71.5822920310107
"Region1","OTH_ALL_BIO_001",1,2029,81.9689131818256
"Region1","OTH_ALL_BIO_001",1,2030,93.0869096531286
"Region1","OTH_ALL_BIO_001",1,2031,96.808128949925
"Region1","OTH_ALL_BIO_001",1,2032,100.757235014172
"Region1","OTH_ALL_BIO_001",1,2033,104.867435631953
"Region1","OTH_ALL_BIO_001",1,2034,109.145302461463
"Region1","OTH_ALL_BIO_001",1,2035,113.597674858883
"Region1","OTH_ALL_EL_001",1,2018,10.5114920663411
"Region1","OTH_ALL_EL_001",1,2019,10.9424632410611
"Region1","OTH_ALL_EL_001",1,2020,11.3911042339446
"Region1","OTH_ALL_EL_001",1,2021,11.8581395075363
"Region1","OTH_ALL_EL_001",1,2022,12.3443232273453
"Region1","OTH_ALL_EL_001",1,2023,12.8504404796665
"Region1","OTH_ALL_EL_001",1,2024,13.3773085393328
"Region1","OTH_ALL_EL_001",1,2025,13.9257781894454
"Region1","OTH_ALL_EL_001",1,2026,14.4967350952127
"Region1","OTH_ALL_EL_001",1,2027,15.0911012341164
"Region1","OTH_ALL_EL_001",1,2028,15.7098363847152
"Region1","OTH_ALL_EL_001",1,2029,16.3539396764885
"Region1","OTH_ALL_EL_001",1,2030,17.0244512032246
"Region1","OTH_ALL_EL_001",1,2031,17.7224537025568
"Region1","OTH_ALL_EL_001",1,2032,18.4490743043616
"Region1","OTH_ALL_EL_001",1,2033,19.2054863508404
"Region1","OTH_ALL_EL_001",1,2034,19.9929112912249
"Region1","OTH_ALL_EL_001",1,2035,20.8126206541651
"Region1","OTH_ALL_OILPRD_001",1,2018,85.50911049
"Region1","OTH_ALL_OILPRD_001",1,2019,84.0171179856015
"Region1","OTH_ALL_OILPRD_001",1,2020,82.2590412811086
"Region1","OTH_ALL_OILPRD_001",1,2021,80.2155695115135
"Region1","OTH_ALL_OILPRD_001",1,2022,77.8662556084181
"Region1","OTH_ALL_OILPRD_001",1,2023,75.18945559292
"Region1","OTH_ALL_OILPRD_001",1,2024,72.1622648004733
"Region1","OTH_ALL_OILPRD_001",1,2025,68.7604508881942
"Region1","OTH_ALL_OILPRD_001",1,2026,64.9583834679787
"Region1","OTH_ALL_OILPRD_001",1,2027,60.7289602013625
"Region1","OTH_ALL_OILPRD_001",1,2028,56.0435291842741
"Region1","OTH_ALL_OILPRD_001",1,2029,50.8718074416859
"Region1","OTH_ALL_OILPRD_001",1,2030,45.1817953436468
"Region1","OTH_ALL_OILPRD_001",1,2031,47.1103520475182
"Region1","OTH_ALL_OILPRD_001",1,2032,49.0418764814665
"Region1","OTH_ALL_OILPRD_001",1,2033,51.0525934172066
"Region1","OTH_ALL_OILPRD_001",1,2034,53.1457497473121
"Region1","OTH_ALL_OILPRD_001",1,2035,55.3247254869518
"Region1","PWR_BIO_001",1,2018,3.6
"Region1","PWR_BIO_001",1,2019,11.16
"Region1","PWR_BIO_001",1,2020,12.2400000000001
"Region1","PWR_BIO_001",1,2021,68.110948224
"Region1","PWR_BIO_001",1,2022,65.588320512
"Region1","PWR_BIO_001",1,2023,63.0656928
"Region1","PWR_BIO_001",1,2024,60.543065088
"Region1","PWR_BIO_001",1,2025,58.020437376
"Region1","PWR_BIO_001",1,2026,55.497809664
"Region1","PWR_BIO_001",1,2027,52.975181952
"Region1","PWR_BIO_001",1,2028,50.45255424
"Region1","PWR_BIO_001",1,2029,47.929926528
"Region1","PWR_BIO_001",1,2030,45.407298816
"Region1","PWR_BIO_001",1,2031,42.884671104
"Region1","PWR_BIO_001",1,2032,40.362043392
"Region1","PWR_BIO_001",1,2033,27.2461067193262
"Region1","PWR_BIO_001",1,2034,15.14346357888
"Region1","PWR_BIO_001",1,2035,21.862773504
"Region1","PWR_COA_001",1,2018,778.54440097368
"Region1","PWR_COA_001",1,2019,752.59917495576
"Region1","PWR_COA_001",1,2020,726.6271460184
"Region1","PWR_COA_001",1,2021,700.6283141616
"Region1","PWR_COA_001",1,2022,674.6294823048
"Region1","PWR_COA_001",1,2023,648.8986796424
"Region1","PWR_COA_001",1,2024,622.8998477856
"Region1","PWR_COA_001",1,2025,472.914721147013
"Region1","PWR_COA_001",1,2026,570.902184072
"Region1","PWR_COA_001",1,2027,544.9033522152
"Region1","PWR_COA_001",1,2028,518.9045203584
"Region1","PWR_COA_001",1,2029,493.173717696
"Region1","PWR_COA_001",1,2030,466.370798256
"Region1","PWR_COA_001",1,2031,442.24817076
"Region1","PWR_COA_001",1,2032,415.44525132
"Region1","PWR_COA_001",1,2033,388.64233188
"Region1","PWR_COA_001",1,2034,361.83941244
"Region1","PWR_COA_001",1,2035,337.716784944
"Region1","PWR_COA_002",1,2020,8.59845903683705
"Region1","PWR_COA_002",1,2021,63.1742527094447
"Region1","PWR_COA_002",1,2022,182.343927469323
"Region1","PWR_COA_002",1,2023,282.947990302628
"Region1","PWR_COA_002",1,2024,547.02078285096
"Region1","PWR_COA_002",1,2025,547.02078285096
"Region1","PWR_COA_002",1,2026,547.02078285096
"Region1","PWR_COA_002",1,2027,729.06621168744
"Region1","PWR_COA_002",1,2028,792.259368802361
"Region1","PWR_COA_002",1,2029,1018.49307432838
"Region1","PWR_COA_002",1,2030,1282.67251006764
"Region1","PWR_COA_002",1,2031,1531.89184428098
"Region1","PWR_COA_002",1,2032,1799.92103868098
"Region1","PWR_COA_002",1,2033,2067.95023308098
"Region1","PWR_COA_002",1,2034,2335.97942748098
"Region1","PWR_COA_002",1,2035,2599.40781877781
"Region1","PWR_COA_003",1,2021,22.5144523296
"Region1","PWR_COA_003",1,2022,54.6779556576
"Region1","PWR_COA_003",1,2023,84.5349744825761
"Region1","PWR_COA_003",1,2024,84.5349744825761
"Region1","PWR_COA_003",1,2025,84.5349744825761
"Region1","PWR_COA_003",1,2026,92.8399104820838
"Region1","PWR_COA_003",1,2027,119.495401490217
"Region1","PWR_COA_003",1,2028,152.5086116136
"Region1","PWR_COA_003",1,2029,152.5086116136
"Region1","PWR_COA_003",1,2030,152.5086116136
"Region1","PWR_COA_003",1,2031,152.5086116136
"Region1","PWR_COA_003",1,2032,152.5086116136
"Region1","PWR_COA_003",1,2033,152.5086116136
"Region1","PWR_COA_003",1,2034,152.5086116136
"Region1","PWR_COA_003",1,2035,152.5086116136
"Region1","PWR_GEO_001",1,2018,46.9476420998666
"Region1","PWR_GEO_001",1,2019,55.416770248752
"Region1","PWR_GEO_001",1,2020,53.9711153726976
"Region1","PWR_GEO_001",1,2021,52.2845180173008
"Region1","PWR_GEO_001",1,2022,50.8388631412464
"Region1","PWR_GEO_001",1,2023,80.2338456210192
"Region1","PWR_GEO_001",1,2024,126.976686613445
"Region1","PWR_GEO_001",1,2025,173.478585126528
"Region1","PWR_GEO_001",1,2026,172.032930250474
"Region1","PWR_GEO_001",1,2027,170.346332895077
"Region1","PWR_GEO_001",1,2028,188.726891542426
"Region1","PWR_GEO_001",1,2029,235.22879005551
"Region1","PWR_GEO_001",1,2030,269.352878148942
"Region1","PWR_GEO_001",1,2031,306.514473407098
"Region1","PWR_GEO_001",1,2032,326.99401302869
"Region1","PWR_GEO_001",1,2033,361.4137190136
"Region1","PWR_GEO_001",1,2034,361.4137190136
"Region1","PWR_GEO_001",1,2035,361.4137190136
"Region1","PWR_HYD_001",1,2018,62.979923457792
"Region1","PWR_HYD_001",1,2019,61.75392638976
"Region1","PWR_HYD_001",1,2020,60.50522567232
"Region1","PWR_HYD_001",1,2021,59.25652495488
"Region1","PWR_HYD_001",1,2022,57.8943059904
"Region1","PWR_HYD_001",1,2023,56.64560527296
"Region1","PWR_HYD_001",1,2024,78.3275904576
"Region1","PWR_HYD_001",1,2025,77.07888974016
"Region1","PWR_HYD_001",1,2026,75.83018902272
"Region1","PWR_HYD_001",1,2027,74.58148830528
"Region1","PWR_HYD_001",1,2028,73.33278758784
"Region1","PWR_HYD_001",1,2029,72.0840868704
"Region1","PWR_HYD_001",1,2030,70.83538615296
"Region1","PWR_HYD_001",1,2031,69.58668543552
"Region1","PWR_HYD_001",1,2032,100.036591084917
"Region1","PWR_HYD_001",1,2033,155.547013887477
"Region1","PWR_HYD_001",1,2034,211.057436690037
"Region1","PWR_HYD_001",1,2035,266.567859492597
"Region1","PWR_NGS_001",1,2018,133.026167659954
"Region1","PWR_NGS_001",1,2019,194.562176483143
"Region1","PWR_NGS_001",1,2020,276.6061286208
"Region1","PWR_NGS_001",1,2021,240.963395927469
"Region1","PWR_NGS_001",1,2022,202.967608265657
"Region1","PWR_NGS_001",1,2023,163.580841079549
"Region1","PWR_NGS_001",1,2024,122.735864023832
"Region1","PWR_NGS_001",1,2025,375.306279943276
"Region1","PWR_NGS_001",1,2026,438.154678829897
"Region1","PWR_NGS_001",1,2027,461.252204782316
"Region1","PWR_NGS_001",1,2028,418.285365733263
"Region1","PWR_NGS_001",1,2029,424.446701919198
"Region1","PWR_NGS_001",1,2030,382.955771034344
"Region1","PWR_NGS_001",1,2031,346.524538259815
"Region1","PWR_NGS_001",1,2032,312.660552714935
"Region1","PWR_NGS_001",1,2033,326.561655465162
"Region1","PWR_NGS_001",1,2034,317.62682060976
"Region1","PWR_NGS_001",1,2035,326.433303368238
"Region1","PWR_NGS_002",1,2029,1.68366532327814
"Region1","PWR_NGS_002",1,2033,7.85431958388202
"Region1","PWR_NGS_002",1,2034,11.8561805287557
"Region1","PWR_NGS_002",1,2035,19.0304118144002
"Region1","PWR_OILPRD_001",1,2018,40
"Region1","PWR_OILPRD_001",1,2019,35
"Region1","PWR_OILPRD_001",1,2020,27
"Region1","PWR_OILPRD_001",1,2021,20
"Region1","PWR_OILPRD_001",1,2022,10
"Region1","PWR_SOL_003",1,2019,1.321129764
"Region1","PWR_SOL_003",1,2020,3.963389292
"Region1","PWR_SOL_003",1,2021,9.247908348
"Region1","PWR_SOL_003",1,2022,14.532427404
"Region1","PWR_SOL_003",1,2023,19.81694646
"Region1","PWR_SOL_003",1,2024,25.101465516
"Region1","PWR_SOL_003",1,2025,38.312763156
"Region1","PWR_SOL_003",1,2026,51.524060796
"Region1","PWR_SOL_003",1,2027,64.735358436
"Region1","PWR_SOL_003",1,2028,77.946656076
"Region1","PWR_SOL_003",1,2029,91.157953716
"Region1","PWR_SOL_003",1,2030,117.580548996
"Region1","PWR_SOL_003",1,2031,144.003144276
"Region1","PWR_SOL_003",1,2032,170.425739556
"Region1","PWR_SOL_003",1,2033,196.848334836
"Region1","PWR_SOL_003",1,2034,223.270930116
"Region1","PWR_SOL_003",1,2035,249.693525396
"Region1","PWR_SOL_E001",1,2018,0.95121343008
"Region1","PWR_SOL_E001",1,2019,0.95121343008
"Region1","PWR_SOL_E001",1,2020,1.37397495456
"Region1","PWR_SOL_E001",1,2021,1.37397495456
"Region1","PWR_SOL_E001",1,2022,1.37397495456
"Region1","PWR_SOL_E001",1,2023,1.37397495456
"Region1","PWR_SOL_E001",1,2024,6.65849401056
"Region1","PWR_SOL_E001",1,2025,19.86979165056
"Region1","PWR_SOL_E001",1,2026,33.08108929056
"Region1","PWR_SOL_E001",1,2027,46.29238693056
"Region1","PWR_SOL_E001",1,2028,59.50368457056
"Region1","PWR_SOL_E001",1,2029,72.71498221056
"Region1","PWR_SOL_E001",1,2030,99.13757749056
"Region1","PWR_SOL_E001",1,2031,125.56017277056
"Region1","PWR_SOL_E001",1,2032,151.98276805056
"Region1","PWR_SOL_E001",1,2033,178.40536333056
"Region1","PWR_SOL_E001",1,2034,204.82795861056
"Region1","PWR_SOL_E001",1,2035,231.25055389056
"Region1","PWR_TRN_001",1,2018,1067.64680162
"Region1","PWR_TRN_001",1,2019,1113.21225419054
"Region1","PWR_TRN_001",1,2020,1168.69104235865
"Region1","PWR_TRN_001",1,2021,1230.07537396189
"Region1","PWR_TRN_001",1,2022,1302.08343097863
"Region1","PWR_TRN_001",1,2023,1383.05059683873
"Region1","PWR_TRN_001",1,2024,1651.46629799561
"Region1","PWR_TRN_001",1,2025,1836.79637444011
"Region1","PWR_TRN_001",1,2026,2040.73440602573
"Region1","PWR_TRN_001",1,2027,2281.09031126113
"Region1","PWR_TRN_001",1,2028,2362.95445489149
"Region1","PWR_TRN_001",1,2029,2654.04714642796
"Region1","PWR_TRN_001",1,2030,2958.63026034309
"Region1","PWR_TRN_001",1,2031,3260.71443527462
"Region1","PWR_TRN_001",1,2032,3596.51197640873
"Region1","PWR_TRN_001",1,2033,4016.33629997763
"Region1","PWR_TRN_001",1,2034,4376.06581484922
"Region1","PWR_TRN_001",1,2035,4773.61045958184
"Region1","PWR_WND_E001",1,2018,1.597453998624
"Region1","PWR_WND_E001",1,2019,1.76899268304
"Region1","PWR_WND_E001",1,2020,1.76899268304
"Region1","PWR_WND_E001",1,2021,1.76899268304
"Region1","PWR_WND_E001",1,2022,1.76899268304
"Region1","PWR_WND_E001",1,2023,1.76899268304
"Region1","PWR_WND_E001",1,2024,1.76899268304
"Region1","PWR_WND_E001",1,2025,28.57191212304
"Region1","PWR_WND_E001",1,2026,55.37483156304
"Region1","PWR_WND_E001",1,2027,82.17775100304
"Region1","PWR_WND_E001",1,2028,108.98067044304
"Region1","PWR_WND_E001",1,2029,135.78358988304
"Region1","PWR_WND_E001",1,2030,189.38942876304
"Region1","PWR_WND_E001",1,2031,242.99526764304
"Region1","PWR_WND_E001",1,2032,296.60110652304
"Region1","PWR_WND_E001",1,2033,350.20694540304
"Region1","PWR_WND_E001",1,2034,403.81278428304
"Region1","PWR_WND_E001",1,2035,457.41862316304
"Region1","RES_CWH_BIO_001",1,2018,410.9695091
"Region1","RES_CWH_BIO_001",1,2019,466.704803086
"Region1","RES_CWH_BIO_001",1,2020,523.325352986
"Region1","RES_CWH_BIO_001",1,2021,580.861232286
"Region1","RES_CWH_BIO_001",1,2022,639.343535687
"Region1","RES_CWH_BIO_001",1,2023,698.804414847
"Region1","RES_CWH_BIO_001",1,2024,602.993711392374
"Region1","RES_CWH_BIO_001",1,2025,600.798328531256
"Region1","RES_CWH_BIO_001",1,2026,595.220451691463
"Region1","RES_CWH_BIO_001",1,2027,585.80783398777
"Region1","RES_CWH_BIO_001",1,2028,725.012777959697
"Region1","RES_CWH_BIO_001",1,2029,720.178920636334
"Region1","RES_CWH_BIO_001",1,2030,714.591268396098
"Region1","RES_CWH_BIO_001",1,2031,707.094949313739
"Region1","RES_CWH_BIO_001",1,2032,698.880074664517
"Region1","RES_CWH_BIO_001",1,2033,697.937223052122
"Region1","RES_CWH_BIO_001",1,2034,695.418351623633
"Region1","RES_CWH_BIO_001",1,2035,677.773150255999
"Region1","RES_CWH_EL_001",1,2018,163.0878282
"Region1","RES_CWH_EL_001",1,2019,149.4971758
"Region1","RES_CWH_EL_001",1,2020,135.9065235
"Region1","RES_CWH_EL_001",1,2021,122.3158711
"Region1","RES_CWH_EL_001",1,2022,108.7252188
"Region1","RES_CWH_EL_001",1,2023,95.13456644
"Region1","RES_CWH_EL_001",1,2024,237.827315600626
"Region1","RES_CWH_EL_001",1,2025,287.950936112744
"Region1","RES_CWH_EL_001",1,2026,342.538782903537
"Region1","RES_CWH_EL_001",1,2027,402.07985145923
"Region1","RES_CWH_EL_001",1,2028,314.159833337303
"Region1","RES_CWH_EL_001",1,2029,371.474381512667
"Region1","RES_CWH_EL_001",1,2030,430.779109603902
"Region1","RES_CWH_EL_001",1,2031,477.185171686261
"Region1","RES_CWH_EL_001",1,2032,525.631605335483
"Region1","RES_CWH_EL_001",1,2033,568.172735947878
"Region1","RES_CWH_EL_001",1,2034,585.893187532288
"Region1","RES_CWH_EL_001",1,2035,626.892547990091
"Region1","RES_CWH_KER_001",1,2018,19.67690101
"Region1","RES_CWH_KER_001",1,2019,18.03715926
"Region1","RES_CWH_KER_001",1,2020,16.39741751
"Region1","RES_CWH_KER_001",1,2021,14.75767576
"Region1","RES_CWH_KER_001",1,2022,13.11793401
"Region1","RES_CWH_KER_001",1,2023,11.47819226
"Region1","RES_CWH_KER_001",1,2024,9.838450505
"Region1","RES_CWH_KER_001",1,2025,8.198708754
"Region1","RES_CWH_KER_001",1,2026,6.558967003
"Region1","RES_CWH_KER_001",1,2027,4.919225252
"Region1","RES_CWH_KER_001",1,2028,3.279483502
"Region1","RES_CWH_KER_001",1,2029,1.639741751
"Region1","RES_CWH_LPG_001",1,2018,172.8967338
"Region1","RES_CWH_LPG_001",1,2019,158.4886726
"Region1","RES_CWH_LPG_001",1,2020,144.0806115
"Region1","RES_CWH_LPG_001",1,2021,129.6725503
"Region1","RES_CWH_LPG_001",1,2022,115.2644892
"Region1","RES_CWH_LPG_001",1,2023,100.856428
"Region1","RES_CWH_LPG_001",1,2024,86.4483669
"Region1","RES_CWH_LPG_001",1,2025,72.04030575
"Region1","RES_CWH_LPG_001",1,2026,57.6322446
"Region1","RES_CWH_LPG_001",1,2027,43.22418345
"Region1","RES_CWH_LPG_001",1,2028,28.8161223
"Region1","RES_CWH_LPG_001",1,2029,14.40806115
"Region1","RES_CWH_NGS_001",1,2018,0.454991405
"Region1","RES_CWH_NGS_001",1,2019,0.417075454
"Region1","RES_CWH_NGS_001",1,2020,0.379159504
"Region1","RES_CWH_NGS_001",1,2021,0.341243554
"Region1","RES_CWH_NGS_001",1,2022,0.303327603
"Region1","RES_CWH_NGS_001",1,2023,0.265411653
"Region1","RES_CWH_NGS_001",1,2024,0.227495702
"Region1","RES_CWH_NGS_001",1,2025,0.189579752
"Region1","RES_CWH_NGS_001",1,2026,0.151663802
"Region1","RES_CWH_NGS_001",1,2027,0.113747851
"Region1","RES_CWH_NGS_001",1,2028,0.0758319009999558
"Region1","RES_CWH_NGS_001",1,2029,0.0379159500000232
"Region1","RES_CWH_NGS_001",1,2034,27.8098458440793
"Region1","RES_CWH_NGS_001",1,2035,48.9282687539101
"Region1","RES_EL_APP_001",1,2018,228.43
"Region1","RES_EL_APP_001",1,2019,251.93
"Region1","RES_EL_APP_001",1,2020,277.85
"Region1","RES_EL_APP_001",1,2021,306.44
"Region1","RES_EL_APP_001",1,2022,337.96
"Region1","RES_EL_APP_001",1,2023,372.73
"Region1","RES_EL_APP_001",1,2024,411.07
"Region1","RES_EL_APP_001",1,2025,453.36
"Region1","RES_EL_APP_001",1,2026,500
"Region1","RES_EL_APP_001",1,2027,551.44
"Region1","RES_EL_APP_001",1,2028,608.17
"Region1","RES_EL_APP_001",1,2029,670.74
"Region1","RES_EL_APP_001",1,2030,739.74
"Region1","RES_EL_APP_001",1,2031,815.84
"Region1","RES_EL_APP_001",1,2032,899.77
"Region1","RES_EL_APP_001",1,2033,992.34
"Region1","RES_EL_APP_001",1,2034,1094.43
"Region1","RES_EL_APP_001",1,2035,1207.02
"Region1","TRA_BUS",1,2018,1676721.822
"Region1","TRA_BUS",1,2019,1756786.47667
"Region1","TRA_BUS",1,2020,1843832.604
"Region1","TRA_BUS",1,2021,1935186.071
"Region1","TRA_BUS",1,2022,2031059.746
"Region1","TRA_BUS",1,2023,2131677.016
"Region1","TRA_BUS",1,2024,2237272.297
"Region1","TRA_BUS",1,2025,2348091.577
"Region1","TRA_BUS",1,2026,2464392.982
"Region1","TRA_BUS",1,2027,2586447.382
"Region1","TRA_BUS",1,2028,2714539.013
"Region1","TRA_BUS",1,2029,2848966.14
"Region1","TRA_BUS",1,2030,2990041.746
"Region1","TRA_BUS",1,2031,3138094.257
"Region1","TRA_BUS",1,2032,3293468.31
"Region1","TRA_BUS",1,2033,3456525.5639
"Region1","TRA_BUS",1,2034,3627645.4568
"Region1","TRA_BUS",1,2035,3807226.2122
"Region1","TRA_BUS_BIODSL_001",1,2018,1056721.822
"Region1","TRA_BUS_BIODSL_001",1,2019,1429894.76911
"Region1","TRA_BUS_BIODSL_001",1,2020,1837938.1935
"Region1","TRA_BUS_BIODSL_001",1,2021,1921167.07304
"Region1","TRA_BUS_BIODSL_001",1,2022,2000430.00928
"Region1","TRA_BUS_BIODSL_001",1,2023,2083301.0588
"Region1","TRA_BUS_BIODSL_001",1,2024,2142033.42184
"Region1","TRA_BUS_BIODSL_001",1,2025,2192756.51206
"Region1","TRA_BUS_BIODSL_001",1,2026,2216693.55442
"Region1","TRA_BUS_BIODSL_001",1,2027,2196706.85995
"Region1","TRA_BUS_BIODSL_001",1,2028,2221532.6808
"Region1","TRA_BUS_BIODSL_001",1,2029,2134235.00810511
"Region1","TRA_BUS_BIODSL_001",1,2030,2060037.45755384
"Region1","TRA_BUS_BIODSL_001",1,2031,2012832.10563977
"Region1","TRA_BUS_BIODSL_001",1,2032,1940817.21923161
"Region1","TRA_BUS_BIODSL_001",1,2033,1685223.82568912
"Region1","TRA_BUS_BIODSL_001",1,2034,1743047.4436
"Region1","TRA_BUS_BIODSL_001",1,2035,1596598.1628
"Region1","TRA_BUS_DSL_001",1,2018,620000
"Region1","TRA_BUS_DSL_001",1,2019,324973.4994
"Region1","TRA_BUS_ELC_001",1,2019,1918.20816
"Region1","TRA_BUS_ELC_001",1,2020,5894.4105
"Region1","TRA_BUS_ELC_001",1,2021,14018.99796
"Region1","TRA_BUS_ELC_001",1,2022,30629.73672
"Region1","TRA_BUS_ELC_001",1,2023,48375.9572
"Region1","TRA_BUS_ELC_001",1,2024,95238.87516
"Region1","TRA_BUS_ELC_001",1,2025,155335.06494
"Region1","TRA_BUS_ELC_001",1,2026,247699.42758
"Region1","TRA_BUS_ELC_001",1,2027,389740.52205
"Region1","TRA_BUS_ELC_001",1,2028,493006.3322
"Region1","TRA_BUS_ELC_001",1,2029,714731.131894895
"Region1","TRA_BUS_ELC_001",1,2030,930004.288446163
"Region1","TRA_BUS_ELC_001",1,2031,1125262.15136023
"Region1","TRA_BUS_ELC_001",1,2032,1352651.09076839
"Region1","TRA_BUS_ELC_001",1,2033,1771301.73821088
"Region1","TRA_BUS_ELC_001",1,2034,1884598.0132
"Region1","TRA_BUS_ELC_001",1,2035,2210628.0494
"Region1","TRA_CAR",1,2018,365428.9603
"Region1","TRA_CAR",1,2019,382878.4492
"Region1","TRA_CAR",1,2020,399220.0611
"Region1","TRA_CAR",1,2021,416249.3074
"Region1","TRA_CAR",1,2022,433994.5971
"Region1","TRA_CAR",1,2023,452485.4846
"Region1","TRA_CAR",1,2024,471752.714
"Region1","TRA_CAR",1,2025,491828.2652
"Region1","TRA_CAR",1,2026,512745.4026
"Region1","TRA_CAR",1,2027,534538.7237
"Region1","TRA_CAR",1,2028,557244.2117
"Region1","TRA_CAR",1,2029,580899.2881
"Region1","TRA_CAR",1,2030,605542.8686
"Region1","TRA_CAR",1,2031,631215.4199
"Region1","TRA_CAR",1,2032,657959.0198
"Region1","TRA_CAR",1,2033,685817.4182
"Region1","TRA_CAR",1,2034,714836.1008
"Region1","TRA_CAR",1,2035,745062.3559
"Region1","TRA_CAR_BIODSL_001",1,2018,16602.1430000001
"Region1","TRA_CAR_BIODSL_001",1,2019,25488.4509
"Region1","TRA_CAR_BIODSL_001",1,2020,34161.5835
"Region1","TRA_CAR_BIODSL_001",1,2021,51630.8364
"Region1","TRA_CAR_BIODSL_001",1,2022,74204.5788
"Region1","TRA_CAR_BIODSL_001",1,2023,109385.0604
"Region1","TRA_CAR_BIODSL_001",1,2024,152606.7378
"Region1","TRA_CAR_BIODSL_001",1,2025,196554.3426
"Region1","TRA_CAR_BIODSL_001",1,2026,195031.4949
"Region1","TRA_CAR_BIODSL_001",1,2027,193509.6471
"Region1","TRA_CAR_BIODSL_001",1,2028,191986.7994
"Region1","TRA_CAR_BIODSL_001",1,2029,190464.9516
"Region1","TRA_CAR_BIODSL_001",1,2030,184152.5829
"Region1","TRA_CAR_BIODSL_001",1,2031,179363.0619
"Region1","TRA_CAR_BIODSL_001",1,2032,170004.9978
"Region1","TRA_CAR_BIODSL_001",1,2033,196581.498934327
"Region1","TRA_CAR_BIODSL_001",1,2034,172484.908834327
"Region1","TRA_CAR_BIODSL_001",1,2035,196666.468464327
"Region1","TRA_CAR_BIOGSL_001",1,2019,178296.50944
"Region1","TRA_CAR_BIOGSL_001",1,2020,327184.06542
"Region1","TRA_CAR_BIOGSL_001",1,2021,304439.58949
"Region1","TRA_CAR_BIOGSL_001",1,2022,289972.60074
"Region1","TRA_CAR_BIOGSL_001",1,2023,263495.3855
"Region1","TRA_CAR_BIOGSL_001",1,2024,229598.03189
"Region1","TRA_CAR_BIOGSL_001",1,2025,163303.62095
"Region1","TRA_CAR_BIOGSL_001",1,2026,166802.973258873
"Region1","TRA_CAR_BIOGSL_001",1,2027,179670.087068873
"Region1","TRA_CAR_BIOGSL_001",1,2028,199377.483668217
"Region1","TRA_CAR_BIOGSL_001",1,2029,207624.592258873
"Region1","TRA_CAR_BIOGSL_001",1,2030,233671.951127217
"Region1","TRA_CAR_BIOGSL_001",1,2031,262469.881097873
"Region1","TRA_CAR_BIOGSL_001",1,2032,266263.940338
"Region1","TRA_CAR_DSL_001",1,2018,1826.8173
"Region1","TRA_CAR_DSL_001",1,2019,836.9163
"Region1","TRA_CAR_ELC_001",1,2021,3313.76859
"Region1","TRA_CAR_ELC_001",1,2022,3313.76859
"Region1","TRA_CAR_ELC_001",1,2023,3313.76859
"Region1","TRA_CAR_ELC_001",1,2024,3313.76859
"Region1","TRA_CAR_ELC_001",1,2025,35631.63648
"Region1","TRA_CAR_ELC_001",1,2026,44299.3966611273
"Region1","TRA_CAR_ELC_001",1,2027,44299.3966611269
"Region1","TRA_CAR_ELC_001",1,2028,38189.8989117827
"Region1","TRA_CAR_ELC_001",1,2029,44299.396661127
"Region1","TRA_CAR_ELC_001",1,2030,38189.8989117827
"Region1","TRA_CAR_ELC_001",1,2031,44299.3966611271
"Region1","TRA_CAR_ELC_001",1,2032,80616.7004110003
"Region1","TRA_CAR_ELC_001",1,2033,352086.745554673
"Region1","TRA_CAR_ELC_001",1,2034,399398.898624673
"Region1","TRA_CAR_ELC_001",1,2035,399398.898624673
"Region1","TRA_CAR_GSL_001",1,2018,347000
"Region1","TRA_CAR_GSL_001",1,2019,159097.88862
"Region1","TRA_CAR_HYB_001",1,2019,9579.34197
"Region1","TRA_CAR_HYB_001",1,2020,18937.20609
"Region1","TRA_CAR_HYB_001",1,2021,28432.55646
"Region1","TRA_CAR_HYB_001",1,2022,28432.55646
"Region1","TRA_CAR_HYB_001",1,2023,28432.55646
"Region1","TRA_CAR_HYB_001",1,2024,28432.55646
"Region1","TRA_CAR_HYB_001",1,2025,28432.55646
"Region1","TRA_CAR_HYB_001",1,2026,28432.55646
"Region1","TRA_CAR_HYB_001",1,2027,28432.55646
"Region1","TRA_CAR_HYB_001",1,2028,28432.55646
"Region1","TRA_CAR_HYB_001",1,2029,28432.55646
"Region1","TRA_CAR_HYB_001",1,2030,28432.55646
"Region1","TRA_CAR_HYB_001",1,2031,18853.21449
"Region1","TRA_CAR_HYB_001",1,2032,9495.35037
"Region1","TRA_CAR_NGS_001",1,2019,9579.34197
"Region1","TRA_CAR_NGS_001",1,2020,18937.20609
"Region1","TRA_CAR_NGS_001",1,2021,28432.55646
"Region1","TRA_CAR_NGS_001",1,2022,38071.09251
"Region1","TRA_CAR_NGS_001",1,2023,47858.71365
"Region1","TRA_CAR_NGS_001",1,2024,57801.61926
"Region1","TRA_CAR_NGS_001",1,2025,67906.10871
"Region1","TRA_CAR_NGS_001",1,2026,78178.98132
"Region1","TRA_CAR_NGS_001",1,2027,88627.03641
"Region1","TRA_CAR_NGS_001",1,2028,99257.47326
"Region1","TRA_CAR_NGS_001",1,2029,110077.79112
"Region1","TRA_CAR_NGS_001",1,2030,121095.879201
"Region1","TRA_CAR_NGS_001",1,2031,126229.865751
"Region1","TRA_CAR_NGS_001",1,2032,131578.030881
"Region1","TRA_CAR_NGS_001",1,2033,137149.173711
"Region1","TRA_CAR_NGS_001",1,2034,142952.293341
"Region1","TRA_CAR_NGS_001",1,2035,148996.988811
"Region1","TRA_MCY",1,2018,823745.0739
"Region1","TRA_MCY",1,2019,863079.4784
"Region1","TRA_MCY",1,2020,899916.5213
"Region1","TRA_MCY",1,2021,938303.6205
"Region1","TRA_MCY",1,2022,978304.8153
"Region1","TRA_MCY",1,2023,1019986.727
"Region1","TRA_MCY",1,2024,1063418.657
"Region1","TRA_MCY",1,2025,1108672.696
"Region1","TRA_MCY",1,2026,1155823.827
"Region1","TRA_MCY",1,2027,1204950.04
"Region1","TRA_MCY",1,2028,1256132.448
"Region1","TRA_MCY",1,2029,1309455.405
"Region1","TRA_MCY",1,2030,1365006.634
"Region1","TRA_MCY",1,2031,1422877.356
"Region1","TRA_MCY",1,2032,1483162.421
"Region1","TRA_MCY",1,2033,1545960.45
"Region1","TRA_MCY",1,2034,1611373.976
"Region1","TRA_MCY",1,2035,1679509.596
"Region1","TRA_MCY_001",1,2018,823000
"Region1","TRA_MCY_001",1,2019,251885.664665238
"Region1","TRA_MCY_BIOGSL_001",1,2018,745.073900000036
"Region1","TRA_MCY_BIOGSL_001",1,2019,609976.935434762
"Region1","TRA_MCY_BIOGSL_001",1,2020,896315.58143
"Region1","TRA_MCY_BIOGSL_001",1,2021,929872.76367
"Region1","TRA_MCY_BIOGSL_001",1,2022,960084.83748
"Region1","TRA_MCY_BIOGSL_001",1,2023,986881.43786
"Region1","TRA_MCY_BIOGSL_001",1,2024,1007670.53237
"Region1","TRA_MCY_BIOGSL_001",1,2025,1018468.247347
"Region1","TRA_MCY_BIOGSL_001",1,2026,1013166.79413
"Region1","TRA_MCY_BIOGSL_001",1,2027,982414.255804
"Region1","TRA_MCY_BIOGSL_001",1,2028,932187.015783
"Region1","TRA_MCY_BIOGSL_001",1,2029,861455.868292793
"Region1","TRA_MCY_BIOGSL_001",1,2030,737640.774260226
"Region1","TRA_MCY_BIOGSL_001",1,2031,603222.92964
"Region1","TRA_MCY_BIOGSL_001",1,2032,482761.37111
"Region1","TRA_MCY_BIOGSL_001",1,2033,522537.9338
"Region1","TRA_MCY_BIOGSL_001",1,2034,233119.31525
"Region1","TRA_MCY_BIOGSL_001",1,2035,105605.102189999
"Region1","TRA_MCY_EL_001",1,2019,1216.8783
"Region1","TRA_MCY_EL_001",1,2020,3600.93987
"Region1","TRA_MCY_EL_001",1,2021,8430.85683
"Region1","TRA_MCY_EL_001",1,2022,18219.97782
"Region1","TRA_MCY_EL_001",1,2023,33105.28914
"Region1","TRA_MCY_EL_001",1,2024,55748.12463
"Region1","TRA_MCY_EL_001",1,2025,90204.448653
"Region1","TRA_MCY_EL_001",1,2026,142657.03287
"Region1","TRA_MCY_EL_001",1,2027,222535.784196
"Region1","TRA_MCY_EL_001",1,2028,323945.432217
"Region1","TRA_MCY_EL_001",1,2029,447999.536707207
"Region1","TRA_MCY_EL_001",1,2030,627365.859739774
"Region1","TRA_MCY_EL_001",1,2031,819654.42636
"Region1","TRA_MCY_EL_001",1,2032,1000401.04989
"Region1","TRA_MCY_EL_001",1,2033,1023422.5162
"Region1","TRA_MCY_EL_001",1,2034,1378254.66075
"Region1","TRA_MCY_EL_001",1,2035,1573904.49381
"Region1","TRA_PLANE_FREIGHT_001",1,2018,1183.59
"Region1","TRA_PLANE_FREIGHT_001",1,2019,1146.61
"Region1","TRA_PLANE_FREIGHT_001",1,2020,1109.62
"Region1","TRA_PLANE_FREIGHT_001",1,2021,1072.63
"Region1","TRA_PLANE_FREIGHT_001",1,2022,1358.04971340093
"Region1","TRA_PLANE_FREIGHT_001",1,2023,998.66
"Region1","TRA_PLANE_FREIGHT_001",1,2024,961.67
"Region1","TRA_PLANE_FREIGHT_001",1,2025,1850.927249
"Region1","TRA_PLANE_FREIGHT_001",1,2026,887.7
"Region1","TRA_PLANE_FREIGHT_001",1,2027,850.71
"Region1","TRA_PLANE_FREIGHT_001",1,2028,2241.878508
"Region1","TRA_PLANE_FREIGHT_001",1,2029,1383.3764090471
"Region1","TRA_PLANE_FREIGHT_001",1,2030,1383.3764090471
"Region1","TRA_PLANE_FREIGHT_001",1,2031,702.76
"Region1","TRA_PLANE_FREIGHT_001",1,2032,665.77
"Region1","TRA_PLANE_FREIGHT_001",1,2033,976.292767694957
"Region1","TRA_PLANE_FREIGHT_001",1,2034,2402.84769707368
"Region1","TRA_PLANE_FREIGHT_001",1,2035,554.81
"Region1","TRA_PLANE_FREIGHT_BIO_001",1,2018,0.00464599999995873
"Region1","TRA_PLANE_FREIGHT_BIO_001",1,2019,115.054549
"Region1","TRA_PLANE_FREIGHT_BIO_001",1,2020,235.263943
"Region1","TRA_PLANE_FREIGHT_BIO_001",1,2021,360.962488
"Region1","TRA_PLANE_FREIGHT_BIO_001",1,2022,170.10253459907
"Region1","TRA_PLANE_FREIGHT_BIO_001",1,2023,630.28917
"Region1","TRA_PLANE_FREIGHT_BIO_001",1,2024,774.724658
"Region1","TRA_PLANE_FREIGHT_BIO_001",1,2026,1085.314411
"Region1","TRA_PLANE_FREIGHT_BIO_001",1,2027,1252.444441
"Region1","TRA_PLANE_FREIGHT_BIO_001",1,2029,1006.3764049529
"Region1","TRA_PLANE_FREIGHT_BIO_001",1,2030,1164.0045009529
"Region1","TRA_PLANE_FREIGHT_BIO_001",1,2031,2012.646155
"Region1","TRA_PLANE_FREIGHT_BIO_001",1,2032,2228.744345
"Region1","TRA_PLANE_FREIGHT_BIO_001",1,2033,2109.14374330504
"Region1","TRA_PLANE_FREIGHT_BIO_001",1,2034,886.104205926318
"Region1","TRA_PLANE_FREIGHT_BIO_001",1,2035,2951.081171
"Region1","TRA_PLANE_PSNG_001",1,2018,122128.043
"Region1","TRA_PLANE_PSNG_001",1,2019,118311.5416
"Region1","TRA_PLANE_PSNG_001",1,2020,114495.0403
"Region1","TRA_PLANE_PSNG_001",1,2021,117661.444794705
"Region1","TRA_PLANE_PSNG_001",1,2022,106862.0376
"Region1","TRA_PLANE_PSNG_001",1,2023,103045.5362
"Region1","TRA_PLANE_PSNG_001",1,2024,99229.0349
"Region1","TRA_PLANE_PSNG_001",1,2025,146852.466983243
"Region1","TRA_PLANE_PSNG_001",1,2026,91596.03222
"Region1","TRA_PLANE_PSNG_001",1,2027,154967.527733871
"Region1","TRA_PLANE_PSNG_001",1,2028,201561.660832215
"Region1","TRA_PLANE_PSNG_001",1,2029,103649.545166299
"Region1","TRA_PLANE_PSNG_001",1,2030,76330.02685
"Region1","TRA_PLANE_PSNG_001",1,2031,93620.3830236453
"Region1","TRA_PLANE_PSNG_001",1,2032,85000.8313628346
"Region1","TRA_PLANE_PSNG_001",1,2033,64880.5228200001
"Region1","TRA_PLANE_PSNG_001",1,2034,80638.9493694445
"Region1","TRA_PLANE_PSNG_001",1,2035,57247.52014
"Region1","TRA_PLANE_PSNG_BIO_001",1,2019,11752.174
"Region1","TRA_PLANE_PSNG_BIO_001",1,2020,24019.9944
"Region1","TRA_PLANE_PSNG_BIO_001",1,2021,29854.0614052951
"Region1","TRA_PLANE_PSNG_BIO_001",1,2022,50238.7753999998
"Region1","TRA_PLANE_PSNG_BIO_001",1,2023,64263.4206000003
"Region1","TRA_PLANE_PSNG_BIO_001",1,2024,78951.3734
"Region1","TRA_PLANE_PSNG_BIO_001",1,2025,42905.8014167566
"Region1","TRA_PLANE_PSNG_BIO_001",1,2026,110492.40588
"Region1","TRA_PLANE_PSNG_BIO_001",1,2027,60252.2734661287
"Region1","TRA_PLANE_PSNG_BIO_001",1,2028,27642.7571677846
"Region1","TRA_PLANE_PSNG_BIO_001",1,2029,140448.186333701
"Region1","TRA_PLANE_PSNG_BIO_001",1,2030,183628.76025
"Region1","TRA_PLANE_PSNG_BIO_001",1,2031,183230.084076355
"Region1","TRA_PLANE_PSNG_BIO_001",1,2032,209838.908437165
"Region1","TRA_PLANE_PSNG_BIO_001",1,2033,249117.40208
"Region1","TRA_PLANE_PSNG_BIO_001",1,2034,253762.026930555
"Region1","TRA_PLANE_PSNG_BIO_001",1,2035,298882.26306
"Region1","TRA_RLW_FREIGHT_BIODSL_001",1,2031,42473.6538865187
"Region1","TRA_RLW_FREIGHT_BIODSL_001",1,2033,59200.0586666667
"Region1","TRA_RLW_FREIGHT_BIODSL_001",1,2034,37860.4444133333
"Region1","TRA_RLW_FREIGHT_BIODSL_001",1,2035,57390.6812999997
"Region1","TRA_RLW_FREIGHT_DSL_001",1,2018,9065.64896
"Region1","TRA_RLW_FREIGHT_DSL_001",1,2019,9349.390428
"Region1","TRA_RLW_FREIGHT_DSL_001",1,2020,13202.31161
"Region1","TRA_RLW_FREIGHT_DSL_001",1,2021,17287.2557
"Region1","TRA_RLW_FREIGHT_DSL_001",1,2022,21614.9722999997
"Region1","TRA_RLW_FREIGHT_DSL_001",1,2023,26196.65659
"Region1","TRA_RLW_FREIGHT_DSL_001",1,2024,31043.9669
"Region1","TRA_RLW_FREIGHT_DSL_001",1,2025,36169.0423999999
"Region1","TRA_RLW_FREIGHT_DSL_001",1,2026,41584.5219000001
"Region1","TRA_RLW_FREIGHT_DSL_001",1,2027,47303.56335
"Region1","TRA_RLW_FREIGHT_DSL_001",1,2028,53339.8638999998
"Region1","TRA_RLW_FREIGHT_DSL_001",1,2029,59707.6806000002
"Region1","TRA_RLW_FREIGHT_DSL_001",1,2030,66421.8523
"Region1","TRA_RLW_FREIGHT_DSL_001",1,2031,31024.1681134813
"Region1","TRA_RLW_FREIGHT_DSL_001",1,2032,80951.65938
"Region1","TRA_RLW_FREIGHT_DSL_001",1,2033,29600.0293333333
"Region1","TRA_RLW_FREIGHT_DSL_001",1,2034,59200.0586666667
"Region1","TRA_RLW_FREIGHT_DSL_001",1,2035,48360.3277
"Region1","TRA_RLW_PSNG_DSL_001",1,2018,7413.586555
"Region1","TRA_RLW_PSNG_DSL_001",1,2019,7181.911975
"Region1","TRA_RLW_PSNG_DSL_001",1,2020,6950.237395
"Region1","TRA_RLW_PSNG_DSL_001",1,2021,6718.562815
"Region1","TRA_RLW_PSNG_DSL_001",1,2022,6486.888235
"Region1","TRA_RLW_PSNG_DSL_001",1,2023,6255.213656
"Region1","TRA_RLW_PSNG_DSL_001",1,2024,6023.539076
"Region1","TRA_RLW_PSNG_DSL_001",1,2025,5791.864496
"Region1","TRA_RLW_PSNG_DSL_001",1,2026,5560.189916
"Region1","TRA_RLW_PSNG_DSL_001",1,2027,5328.515336
"Region1","TRA_RLW_PSNG_DSL_001",1,2028,5096.840756
"Region1","TRA_RLW_PSNG_DSL_001",1,2029,4865.166177
"Region1","TRA_RLW_PSNG_DSL_001",1,2030,4633.49159700007
"Region1","TRA_RLW_PSNG_DSL_001",1,2031,4401.817017
"Region1","TRA_RLW_PSNG_DSL_001",1,2032,4170.142437
"Region1","TRA_RLW_PSNG_DSL_001",1,2033,3938.467857
"Region1","TRA_RLW_PSNG_DSL_001",1,2034,3706.793277
"Region1","TRA_RLW_PSNG_DSL_001",1,2035,3475.118698
"Region1","TRA_RLW_PSNG_ELC_001",1,2018,20044.1532449999
"Region1","TRA_RLW_PSNG_ELC_001",1,2019,21586.941755
"Region1","TRA_RLW_PSNG_ELC_001",1,2020,26350.7162050004
"Region1","TRA_RLW_PSNG_ELC_001",1,2021,31481.7042849999
"Region1","TRA_RLW_PSNG_ELC_001",1,2022,37004.6513650006
"Region1","TRA_RLW_PSNG_ELC_001",1,2023,42945.8207440005
"Region1","TRA_RLW_PSNG_ELC_001",1,2024,49333.0899240003
"Region1","TRA_RLW_PSNG_ELC_001",1,2025,56196.0413039999
"Region1","TRA_RLW_PSNG_ELC_001",1,2026,63566.0694839998
"Region1","TRA_RLW_PSNG_ELC_001",1,2027,71476.478964
"Region1","TRA_RLW_PSNG_ELC_001",1,2028,79962.6015439999
"Region1","TRA_RLW_PSNG_ELC_001",1,2029,89061.9107229998
"Region1","TRA_RLW_PSNG_ELC_001",1,2030,98814.144803
"Region1","TRA_RLW_PSNG_ELC_001",1,2031,109261.440083001
"Region1","TRA_RLW_PSNG_ELC_001",1,2032,120448.466762999
"Region1","TRA_RLW_PSNG_ELC_001",1,2033,132422.555043
"Region1","TRA_RLW_PSNG_ELC_001",1,2034,145233.938123
"Region1","TRA_RLW_PSNG_ELC_001",1,2035,158935.780202
"Region1","TRA_SHIP_FREIGHT_001",1,2018,820321.3042
"Region1","TRA_SHIP_FREIGHT_001",1,2019,794686.2634
"Region1","TRA_SHIP_FREIGHT_001",1,2020,769051.2227
"Region1","TRA_SHIP_FREIGHT_001",1,2021,743416.1819
"Region1","TRA_SHIP_FREIGHT_001",1,2022,1000626.26120856
"Region1","TRA_SHIP_FREIGHT_001",1,2023,692146.1004
"Region1","TRA_SHIP_FREIGHT_001",1,2024,992298.404141194
"Region1","TRA_SHIP_FREIGHT_001",1,2025,1038219.1506
"Region1","TRA_SHIP_FREIGHT_001",1,2026,732704.303314943
"Region1","TRA_SHIP_FREIGHT_001",1,2027,589605.9374
"Region1","TRA_SHIP_FREIGHT_001",1,2028,669339.289449943
"Region1","TRA_SHIP_FREIGHT_001",1,2029,669339.289449943
"Region1","TRA_SHIP_FREIGHT_001",1,2030,512700.8151
"Region1","TRA_SHIP_FREIGHT_001",1,2031,487065.7744
"Region1","TRA_SHIP_FREIGHT_001",1,2032,487065.7744
"Region1","TRA_SHIP_FREIGHT_001",1,2033,435795.6928
"Region1","TRA_SHIP_FREIGHT_001",1,2034,487065.7744
"Region1","TRA_SHIP_FREIGHT_001",1,2035,2181008.862
"Region1","TRA_SHIP_FREIGHT_BIO_001",1,2019,74203.7008999999
"Region1","TRA_SHIP_FREIGHT_BIO_001",1,2020,151283.0002
"Region1","TRA_SHIP_FREIGHT_BIO_001",1,2021,231408.1534
"Region1","TRA_SHIP_FREIGHT_BIO_001",1,2022,31914.3757914392
"Region1","TRA_SHIP_FREIGHT_BIO_001",1,2023,401528.0396
"Region1","TRA_SHIP_FREIGHT_BIO_001",1,2024,166128.762858806
"Region1","TRA_SHIP_FREIGHT_BIO_001",1,2025,188794.868400003
"Region1","TRA_SHIP_FREIGHT_BIO_001",1,2026,566957.379685056
"Region1","TRA_SHIP_FREIGHT_BIO_001",1,2027,787004.6516
"Region1","TRA_SHIP_FREIGHT_BIO_001",1,2028,788776.10855006
"Region1","TRA_SHIP_FREIGHT_BIO_001",1,2029,875106.563550057
"Region1","TRA_SHIP_FREIGHT_BIO_001",1,2030,1123186.8489
"Region1","TRA_SHIP_FREIGHT_BIO_001",1,2031,1245677.6846
"Region1","TRA_SHIP_FREIGHT_BIO_001",1,2032,1348268.0076
"Region1","TRA_SHIP_FREIGHT_BIO_001",1,2033,1508202.4652
"Region1","TRA_SHIP_FREIGHT_BIO_001",1,2034,1572030.4376
"Region1","TRA_SHIP_PSNG_001",1,2018,32053.25165
"Region1","TRA_SHIP_PSNG_001",1,2019,34356.87846
"Region1","TRA_SHIP_PSNG_001",1,2020,36826.06402
"Region1","TRA_SHIP_PSNG_001",1,2021,39472.70684
"Region1","TRA_SHIP_PSNG_001",1,2022,42309.56055
"Region1","TRA_SHIP_PSNG_001",1,2023,44071.4066674457
"Region1","TRA_SHIP_PSNG_001",1,2024,47330.6752474457
"Region1","TRA_SHIP_PSNG_001",1,2025,51676.7758191486
"Region1","TRA_SHIP_PSNG_001",1,2026,55847.65419
"Region1","TRA_SHIP_PSNG_001",1,2027,59258.6821108065
"Region1","TRA_SHIP_PSNG_001",1,2028,22036.61051
"Region1","TRA_SHIP_PSNG_001",1,2029,43112.8021879588
"Region1","TRA_SHIP_PSNG_001",1,2030,41989.5111634232
"Region1","TRA_SHIP_PSNG_001",1,2031,24450.8607499813
"Region1","TRA_SHIP_PSNG_001",1,2032,26229.7086900173
"Region1","TRA_SHIP_PSNG_001",1,2033,19342.0649147765
"Region1","TRA_SHIP_PSNG_001",1,2034,16026.62582
"Region1","TRA_SHIP_PSNG_001",1,2035,15024.96171
"Region1","TRA_SHIP_PSNG_BIO_001",1,2023,1278.88869255431
"Region1","TRA_SHIP_PSNG_BIO_001",1,2024,1278.88869255431
"Region1","TRA_SHIP_PSNG_BIO_001",1,2025,426.296230851438
"Region1","TRA_SHIP_PSNG_BIO_001",1,2027,602.672619193511
"Region1","TRA_SHIP_PSNG_BIO_001",1,2028,42126.90436
"Region1","TRA_SHIP_PSNG_BIO_001",1,2029,25662.0636520412
"Region1","TRA_SHIP_PSNG_BIO_001",1,2030,31728.1176265768
"Region1","TRA_SHIP_PSNG_BIO_001",1,2031,54564.7611400186
"Region1","TRA_SHIP_PSNG_BIO_001",1,2032,58464.6663799827
"Region1","TRA_SHIP_PSNG_BIO_001",1,2033,71439.1881752235
"Region1","TRA_SHIP_PSNG_BIO_001",1,2034,81278.96155
"Region1","TRA_SHIP_PSNG_BIO_001",1,2035,89273.8555899996
"Region1","TRA_TRAIN_FREIGHT",1,2018,9065.64896
"Region1","TRA_TRAIN_FREIGHT",1,2019,9349.390428
"Region1","TRA_TRAIN_FREIGHT",1,2020,13202.31161
"Region1","TRA_TRAIN_FREIGHT",1,2021,17287.2557
"Region1","TRA_TRAIN_FREIGHT",1,2022,21614.9722999997
"Region1","TRA_TRAIN_FREIGHT",1,2023,26196.65659
"Region1","TRA_TRAIN_FREIGHT",1,2024,31043.9669
"Region1","TRA_TRAIN_FREIGHT",1,2025,36169.0423999999
"Region1","TRA_TRAIN_FREIGHT",1,2026,41584.5219000001
"Region1","TRA_TRAIN_FREIGHT",1,2027,47303.56335
"Region1","TRA_TRAIN_FREIGHT",1,2028,53339.8638999998
"Region1","TRA_TRAIN_FREIGHT",1,2029,59707.6806000002
"Region1","TRA_TRAIN_FREIGHT",1,2030,66421.8523
"Region1","TRA_TRAIN_FREIGHT",1,2031,73497.822
"Region1","TRA_TRAIN_FREIGHT",1,2032,80951.65938
"Region1","TRA_TRAIN_FREIGHT",1,2033,88800.088
"Region1","TRA_TRAIN_FREIGHT",1,2034,97060.50308
"Region1","TRA_TRAIN_FREIGHT",1,2035,105751.009
"Region1","TRA_TRAIN_PSNG",1,2018,27457.7397999999
"Region1","TRA_TRAIN_PSNG",1,2019,28768.85373
"Region1","TRA_TRAIN_PSNG",1,2020,33300.9536000004
"Region1","TRA_TRAIN_PSNG",1,2021,38200.2670999999
"Region1","TRA_TRAIN_PSNG",1,2022,43491.5396000006
"Region1","TRA_TRAIN_PSNG",1,2023,49201.0344000005
"Region1","TRA_TRAIN_PSNG",1,2024,55356.6290000003
"Region1","TRA_TRAIN_PSNG",1,2025,61987.9057999999
"Region1","TRA_TRAIN_PSNG",1,2026,69126.2593999998
"Region1","TRA_TRAIN_PSNG",1,2027,76804.9943
"Region1","TRA_TRAIN_PSNG",1,2028,85059.4422999998
"Region1","TRA_TRAIN_PSNG",1,2029,93927.0768999998
"Region1","TRA_TRAIN_PSNG",1,2030,103447.6364
"Region1","TRA_TRAIN_PSNG",1,2031,113663.257100001
"Region1","TRA_TRAIN_PSNG",1,2032,124618.609199999
"Region1","TRA_TRAIN_PSNG",1,2033,136361.0229
"Region1","TRA_TRAIN_PSNG",1,2034,148940.7314
"Region1","TRA_TRAIN_PSNG",1,2035,162410.8989
"Region1","TRA_TRUCK",1,2018,691812.0374
"Region1","TRA_TRUCK",1,2019,713464.7358
"Region1","TRA_TRUCK",1,2020,732234.8328
"Region1","TRA_TRUCK",1,2021,751480.974
"Region1","TRA_TRUCK",1,2022,771214.5714
"Region1","TRA_TRUCK",1,2023,791447.2848
"Region1","TRA_TRUCK",1,2024,812191.0262
"Region1","TRA_TRUCK",1,2025,833457.9648
"Region1","TRA_TRUCK",1,2026,855260.5305
"Region1","TRA_TRUCK",1,2027,877611.4191
"Region1","TRA_TRUCK",1,2028,900523.596
"Region1","TRA_TRUCK",1,2029,924010.3015
"Region1","TRA_TRUCK",1,2030,948085.0547
"Region1","TRA_TRUCK",1,2031,972761.658
"Region1","TRA_TRUCK",1,2032,998054.202
"Region1","TRA_TRUCK",1,2033,1023977.069
"Region1","TRA_TRUCK",1,2034,1050544.94
"Region1","TRA_TRUCK",1,2035,1077772.796
"Region1","TRA_TRUCK_DSL_001",1,2018,691812.0374
"Region1","TRA_TRUCK_DSL_001",1,2019,670192.9112
"Region1","TRA_TRUCK_DSL_001",1,2020,648573.785
"Region1","TRA_TRUCK_DSL_001",1,2021,626954.6589
"Region1","TRA_TRUCK_DSL_001",1,2022,605335.5327
"Region1","TRA_TRUCK_DSL_001",1,2023,583716.4065
"Region1","TRA_TRUCK_DSL_001",1,2024,562097.2804
"Region1","TRA_TRUCK_DSL_001",1,2025,540478.1542
"Region1","TRA_TRUCK_DSL_001",1,2026,518859.028
"Region1","TRA_TRUCK_DSL_001",1,2027,497239.9018
"Region1","TRA_TRUCK_DSL_001",1,2028,475620.7757
"Region1","TRA_TRUCK_DSL_001",1,2029,454001.6495
"Region1","TRA_TRUCK_DSL_001",1,2030,432382.5233
"Region1","TRA_TRUCK_DSL_001",1,2031,410763.3972
"Region1","TRA_TRUCK_DSL_001",1,2032,389144.271
"Region1","TRA_TRUCK_DSL_001",1,2033,367525.1448
"Region1","TRA_TRUCK_DSL_001",1,2034,345906.0187
"Region1","TRA_TRUCK_DSL_001",1,2035,324286.8925
"Region1","TRA_TRUCK_NGS_001",1,2019,43271.8246
"Region1","TRA_TRUCK_NGS_001",1,2020,83661.0478
"Region1","TRA_TRUCK_NGS_001",1,2021,124526.3151
"Region1","TRA_TRUCK_NGS_001",1,2022,165879.0387
"Region1","TRA_TRUCK_NGS_001",1,2023,207730.8783
"Region1","TRA_TRUCK_NGS_001",1,2024,250093.7458
"Region1","TRA_TRUCK_NGS_001",1,2025,292979.8106
"Region1","TRA_TRUCK_NGS_001",1,2026,336401.5025
"Region1","TRA_TRUCK_NGS_001",1,2027,380371.5173
"Region1","TRA_TRUCK_NGS_001",1,2028,424902.8203
"Region1","TRA_TRUCK_NGS_001",1,2029,470008.652
"Region1","TRA_TRUCK_NGS_001",1,2030,515702.5314
"Region1","TRA_TRUCK_NGS_001",1,2031,561998.2608
"Region1","TRA_TRUCK_NGS_001",1,2032,608909.931
"Region1","TRA_TRUCK_NGS_001",1,2033,656451.9242
"Region1","TRA_TRUCK_NGS_001",1,2034,704638.9213
"Region1","TRA_TRUCK_NGS_001",1,2035,753485.9035
